Id,NAME,ADDRESS,CITY,STATE,ZIP,LAT,LON,PHONE,REVENUE,UTILIZATION
74ab949d-17ac-3309-83a0-13b4405c66aa,Fitchburg Outpatient Clinic,881 Main Street,Fitchburg,MA,01420,42.586487,-71.80521,978-342-9781 Or 978-342-9781,0.0,551
faffaf6a-ee1a-3673-b0b0-421a9c249244,ACTIVATED BY WELLNESS LLC,66 WASHINGTON ST,STOUGHTON,MA,020722571,42.14415820061801,-71.10378319512402,6178719807,0.0,55
e09d4c49-c2ef-3b0f-9a46-3719d9219306,UMASS MEMORIAL HEALTHALLIANCE CLINTON HOSPITAL INC,60 HOSPITAL RD,LEOMINSTER,MA,014533290,42.54031915,-71.76312990486304,9784662000,0.0,62
77645e49-3f69-3d1d-bb93-dc65210e2fac,SOUTHCOAST HOSPITALS GROUP INC,363 HIGHLAND AVE,FALL RIVER,MA,027205246,41.7093779,-71.1460783680883,5086793131,0.0,16
03d0392a-7361-32b3-81c9-8c8ac985be00,AMERICAN CHINESE MEDICAL CENTER PC,280 WASHINGTON ST STE 204,BROOKLINE,MA,024451922,42.33302785,-71.1193506756953,6177837333,0.0,20
2936ca90-6594-357d-be14-53fe0ab84dd1,KINGSBURY PRIMARY CARE PC,11 TREMONT ST,KINGSTON,MA,023641231,42.00823215,-70.72984043580247,7815855518,0.0,76
42d4b607-f14d-370a-818e-40965685776c,TRINITY FAMILY MEDICINE,3 WASHINGTON ST STE 220,NORTH EASTON,MA,023561034,42.0667665,-71.1036592,5082300155,0.0,105
ab701a70-a658-340e-8f69-ee196a7d40c6,CAREWELL URGENT CARE CENTERS OF MA  PC,484 RTE 134,WORCESTER,MA,016071728,42.2625621,-71.8018877,5086947901,0.0,40
11ba6a26-59b4-3728-a268-6dc9929962b4,COURTYARD NURSING CARE CENTER,200 GOVERNORS AVENUE,MEDFORD,MA,021551644,42.42711615,-71.1121606632448,7813915400,0.0,11
f736c0f5-6d39-3e26-8ac1-39e1fc60dfbe,COMMUNITY HEALTH PROGRAMS INC,11 QUARRY HILL ROAD,LEE,MA,012389645,42.2816564,-73.25307843923315,4132430536,0.0,23
52ecddd8-42f6-35cc-88a5-cf474c02fb49,LIFE CARE CENTER OF PLYMOUTH,94 OBERY STREET,PLYMOUTH,MA,023602130,41.93725,-70.65503160208334,5087479800,0.0,45
3f4167a5-1477-35da-a456-fc05c8858aa7,TOTAL WELLNESS CENTERS LLC,244 MAIN STREET ANNEX,WORCESTER,MA,016023339,42.2625621,-71.8018877,4135842173,0.0,30
75f0d4cd-dbbb-3037-b6ad-2e99665728c7,HIGUCHI MEDICAL CARE  PLLC,70 FULTON ST,BOSTON,MA,021091402,42.362439499999994,-71.05377386223965,6178435001,0.0,30
667b46fe-0afa-3f70-a311-bbe3d52db050,URGENT CARE CENTERS OF CENTRAL MASSACHUSETTS LLC,757 BOSTON POST RD,WORCESTER,MA,016071728,42.231371,-72.165386,6173024194,0.0,1
0ff7cb48-0c93-31cf-9442-0b034084d588,MERCURY OPERATOR LLC,2 BEAUMONT AVE,BROCKTON,MA,023023302,42.0835203,-70.98856021035954,5085888550,0.0,2
a4af40b8-0ddb-34bb-ae4a-95a17e9ad6f3,COMPASSIONATE CARE HOSPICE OF SOUTHEASTERN MASS LL,100 MYLES STANDISH BOULEVARD  SUITE 103,TAUNTON,MA,027807340,41.948930849999996,-71.14141318475193,5083995900,0.0,104
775df862-d2d1-3a68-9814-043f6aa6ea66,JEWISH NURSING HOME OF WESTERN MASS.  INC.,770 CONVERSE ST,LONGMEADOW,MA,011061719,42.0639853,-72.5521444,4135673949,0.0,1
fe675917-7b09-3afd-a6e6-128cc4de4734,INTERNATIONAL HEALTH SOLUTIONS,319A ALLSTON STREET,BRIGHTON,MA,021357652,42.345093,-71.139804,9786891907,0.0,1
5d4da50c-8593-304f-b266-57d8f7d634a2,WELLMAN HEALTHCARE GROUP INC,250 SHEARER ST,PALMER,MA,010691428,42.168634600000004,-72.33353526811578,4132838361,0.0,2
8f0ec876-22d3-3986-892e-4c2052d0fffa,FITCHBURG REHABILITATION AND NURSING CENTER LLC,94 SUMMER ST,FITCHBURG,MA,014205761,42.57835885,-71.78584786190521,7189740266,0.0,2
5fcff9db-16e4-3e56-aa78-abbc16338097,THE LOWELL GENERAL HOSPITAL,295 VARNUM AVE,WESTFORD,MA,018863513,42.5792583,-71.4378411,9789376000,0.0,176
84abfbd5-41c1-3df4-9b31-7ca93cb2309a,SKIN WELLNESS PHYSICIANS LLC,85 HERRICK ST,BEVERLY,MA,019151790,42.56415055,-70.8751357650672,9785247933,0.0,30
1ddd51d1-7297-3c3b-bad5-98aecd5e4a79,BAYADA HOME HEALTH CARE  INC,127 CAMBRIDGE STREET  SUTIE #2B,BURLINGTON,MA,018033735,42.50188325,-71.19559351572005,6174721333,0.0,11
4cb90b5f-734d-322f-a2f2-776824e1ce35,SPECTRUM HOME HEALTH AND HOSPICE CARE,770 CONVERSE STREET,LONGMEADOW,MA,011061719,42.0639853,-72.5521444,4135652500,0.0,2
f6a306cf-7bd6-35f4-a6b7-2d07d273914c,APPLE MEDICAL CLINIC MA INC,63 FOUNTAIN ST STE 402,FRAMINGHAM,MA,017026280,42.27595495,-71.42631150114194,5088611150,0.0,38
32fcdfba-8c93-30f4-b15b-dd3b65c29deb,ELAINE CENTER AT HADLEY,20 NORTH MAPLE STREET,HADLEY,MA,010359715,42.3615107,-72.55261320852942,4135845057,0.0,2
02c936e2-3aee-38b2-88a4-81f3689b7bb7,BENJAMIN HEALTHCARE CENTER,120 FISHER AVENUE,BOSTON,MA,021203320,42.3276141,-71.1051603,6177381500,0.0,1
609ec9f1-e806-3427-b912-9e3b2915521d,HOLYOKE VISITING NURSE ASSOC,575 BEECH STREET,HOLYOKE,MA,010406604,42.20105435,-72.628169560868,4135345691,0.0,5
e93b27a8-6507-3595-84a5-f899ce23a72d,HOLY FAMILY MEDICAL SPECIALTY PRACTICE PLLC,70 EAST STREET,NORTH ANDOVER,MA,018456144,42.6839894,-71.1127065,9786872273,0.0,15
7b9a19b2-d900-3f93-a47b-4b88491fb57b,BANE BAY PATH LLC,308 KINGSTOWN WAY,DUXBURY,MA,023324647,42.030389650000004,-70.73959947632582,7815855561,0.0,6
ede4a423-6258-3ef5-b5ba-0fa6bb579563,COMMUNITY HEALTH CONNECTIONS,326 NICHOLS ROAD,FITCHBURG,MA,014205478,42.5974358,-71.80761197366103,9788788100,0.0,7
a14e698d-a9ba-3eae-9c8b-682ec726433d,LYNN URGENT CARE LLC,776 WESTERN AVE,LYNN,MA,019052408,42.466763,-70.9494939,6178939901,0.0,8
dd9914b0-9491-3330-a890-d34e95e497ea,CHILD & FAMILY SERVICES  INC.,1061 PLEASANT ST,NEW BEDFORD,MA,027406728,41.64280275,-70.92865004309593,5089968572,0.0,47
d4b9a3f0-210d-3e46-a2c7-e099658ac543,NEWBRIDGE ON THE CHARLES SKILLED NURSING FACILITY,7000 GREAT MEADOW ROAD,DEDHAM,MA,020264090,42.266408549999994,-71.19518435636284,7812349660,0.0,1
7f26da64-69ab-3db4-b285-c48c9836a653,BEAR MT LOWELL LLC,500 WENTWORTH AVE,LOWELL,MA,018524937,42.631409,-71.283668,9784581271,0.0,2
4c1a8ea6-b690-3c28-a02e-ebd82190ee65,SOUTH COVE COMMUNITY HEALTH CENTER  INC,885 WASHINGTON ST,BOSTON,MA,021111415,42.3479909,-71.064924,6174827555,0.0,8
5ba6765a-f335-36b0-9c6a-6bb494c5330d,URGENT CARE MEDICAL ASSOCIATES  LLC,31 OLD ROUTE 7,WESTWOOD,MA,020902333,42.2139873,-71.2244987,2038850808,0.0,1
b6eeaaf7-1683-3bcb-b6ee-81ce304636ef,MELROSEWAKEFIELD HEALTHCARE  INC,170 GOVERNORS AVE,MELROSE,MA,021763225,42.4564323,-71.064182,7819793050,0.0,175
65eda534-1bdc-3192-8d02-1c3764447790,PERSONAL PHYSICIANS HEALTHCARE PC,1244 BOYLSTON ST,CHESTNUT HILL,MA,024672115,42.3214927,-71.1711481,6177310058,0.0,47
d613e441-68e8-3502-8adb-3f770a1276bf,PALMER FAMILY SERVICES LLC,114 WATER ST,MILFORD,MA,017573007,42.13661855,-71.53474614336832,5084782008,0.0,37
b03b624d-c939-3688-986d-9555b8009a3b,HOLYOKE HEALTH CENTER INC,230 MAPLE ST,HOLYOKE,MA,010405144,42.207406,-72.608419,4134202122,0.0,45
18061fd5-fda8-3e2d-87f0-0f3c87211bcc,CAMBRIDGE PUBLIC HEALTH COMMISSION,1493 CAMBRIDGE ST,SOMERVILLE,MA,021431408,42.3875968,-71.0994968,6176651000,0.0,39
1faab3d1-2ae5-3110-8e5f-c65b92ca906d,FAIRVIEW HOSPITAL,29 LEWIS AVE,GREAT BARRINGTON,MA,012301713,42.19093125,-73.3715000043024,4135280790,0.0,8
b3ada130-6443-3a8e-98c7-4ec127a2b0c4,LIFE CARE CENTER OF ACTON,ONE GREAT ROAD,ACTON,MA,017205601,42.4850931,-71.43284,9782639101,0.0,8
7489f6e0-fee6-3fff-90b6-444868eb907c,ABBOTT HOME HEALTH CARE  INC,1 KIDDIE DRIVE  SUITE 106,AVON,MA,023221182,42.130150349999994,-71.05720685110387,7813440344,0.0,3
6cf8a214-8d57-3267-85e5-7719e15cd63e,LEMUEL SHATTUCK HOSPITAL,170 MORTON STREET,JAMAICA PLAIN,MA,021303735,42.299067750000006,-71.10124351911541,6175228110,0.0,160
b4e81d20-a3d6-39db-8b04-bcc4ab5de7b2,EDWARD M KENNEDY COMMUNITY HEALTH CENTER INC,354 WAVERLY ST,FRAMINGHAM,MA,017027079,42.276938650000005,-71.41386787587439,5083700113,0.0,28
0fedae9f-701f-3317-9b2f-69aea2202cdc,BOSTON MEDICAL CENTER CORPORATION-,88 EAST NEWTON STREET,WINTHROP,MA,021522715,42.3750976,-70.982827,6176388000,0.0,86
86bbc3aa-e927-3d56-9d77-ab701b4b2926,FALL RIVER JEWISH HOME  INC,538 ROBESON STREET,FALL RIVER,MA,027205496,41.707225,-71.1432141111111,5086796172,0.0,1
4b7c1695-a178-3e03-8651-51acfd3b8372,DOCTORS JAMES AND KELLY HOYE PARTNERS IN FAMILY CARE,600 OLD SOMERSET AVE,NORTH DIGHTON,MA,027641824,41.86399,-71.1244904,5088247557,0.0,24
aade280a-3b90-3e48-9648-91109a964a63,AP MEDICAL LLC,909 SUMNER ST,DARTMOUTH,MA,027473826,41.6332267,-70.9879928,5089715190,0.0,305
18764c6a-31fe-391c-80ac-6a5b761e06d6,19 OBERY STREET OPERATOR LLC,19 OBERY ST,PLYMOUTH,MA,023602129,41.94456995,-70.64966444737888,5087474790,0.0,2
e59fb2d5-508c-38c6-af2e-21d8216dd2b0,BAYSTATE MEDICAL CENTER,759 CHESTNUT ST,WARE,MA,010821625,42.256476,-72.237482,4137940000,0.0,95
794b1cc2-97be-30a4-83a0-4bf6add43c74,ST JOSEPH MANOR HEALTH CARE INC,215 THATCHER STREET,BROCKTON,MA,023023949,42.0740963,-70.99660306096918,5085835834,0.0,30
440fa4b8-c731-3cf5-81d9-aa3f30a37b95,LAHEY HOSPITAL & MEDICAL CENTER  BURLINGTON,41 & 45 MALL ROAD,PEABODY,MA,019602901,42.5278731,-70.9286609,7817445100,0.0,21
a1434ca1-a1ac-3884-abc7-fc4c35cc8b68,LIBERTY COMMONS,390 ORLEANS ROAD,NORTH CHATHAM,MA,026501154,41.700306363636365,-69.96549390909091,5089454611,0.0,6
0fab3c4e-a028-39a6-b15a-be5a88b6aa2a,ENCOMPASS HEALTH REHAB HOSPITAL OF WESTERN MASS,222 STATE STREET,LUDLOW,MA,010563437,42.15547415,-72.47222226666076,4135897581,0.0,14
ce53c877-0290-390a-b4b4-2462001a1713,CIRCLE HOME,847 ROGERS STREET  SUITE 201,LOWELL,MA,018524345,42.6275246,-71.27673639687623,9784599343,0.0,5
e9a24be5-b0a3-3fd2-a606-dd13498024ea,NORTON HEALTH CARE PC,85 E MAIN ST STE A,NORTON,MA,027662307,41.971697,-71.17689334021827,5089301927,0.0,181
00ffb204-07b4-3c72-a678-fa252e6cf86c,BEDFORD-LEXINGTON INTERNAL MEDICINE  PC,450 BEDFORD ST,LEXINGTON,MA,02420,42.47370735,-71.25090005,7812746274,0.0,74
b8421363-9807-3b16-a146-95336eea5cfb,COOLEY DICKINSON HOSPITAL INC,30 LOCUST ST,NORTHAMPTON,MA,010602052,42.33032115,-72.65330802608176,4135822000,0.0,43
3498e7d3-90fd-366b-bc6a-6f41dad6bae6,COLEMAN HOUSE,112 WEST MAIN STREET,NORTHBOROUGH,MA,015321824,42.318559050000005,-71.65097281611972,5083519355,0.0,8
24460683-f514-37ef-98c1-724b2fc9aa2a,THE COMMONWEALTH OF MASSACHUSETTS,60 HODGES AVE,TAUNTON,MA,027803034,41.91158935,-71.10129620180315,5089773110,0.0,744
f964d209-adbb-3f11-80ce-5687e587363a,CT-FAMILY CARE SERVICES LLC,155 MAPLE ST,SPRINGFIELD,MA,011051828,42.1004364,-72.57897095,8604328862,0.0,30
e6cc6043-299a-3581-8f6b-b3b5d62c46ae,CARING HEALTH CENTER  INC,532 SUMNER AVE,SPRINGFIELD,MA,011082458,42.08631583333334,-72.55792579166666,4137391100,0.0,36
b9e35b8a-9831-32d8-a6dc-d7a546c126b0,VIBRA HOSPITAL OF WESTERN MASS - CENTRAL CAMPUS,111 HUNTOON MEMORIAL HIGHWAY  1ST FLOOR,SPRINGFIELD,MA,011092550,42.1018764,-72.5886727,4137876700,0.0,239
70d5bbef-3c05-3318-b9d7-003dc8fbb8cf,MARIAN MANOR  INC.,33 SUMMER ST,TAUNTON,MA,027803479,41.9005416,-71.08895606814966,5088224885,0.0,1
46a09a29-4bda-3572-89dd-5def154669ed,REVOLUTION AT SARAH BRAYTON PLACE LLC,4901 N MAIN ST,FALL RIVER,MA,027202080,41.758923100000004,-71.11356439219409,5086751001,0.0,1
e1818b21-4458-3b9c-b2b8-7ed6f57ae078,LIFE CARE CENTER OF WILBRAHAM,2399 BOSTON ROAD,WILBRAHAM,MA,010951185,42.14668485,-72.45048427046072,4135963111,0.0,19
328f813e-4de8-3ec2-a113-43f3ddfb0b2a,DILIGENCEHEALTHCARE,30-40 WESTPARK STREET,BROCKTON,MA,023015241,42.0834335,-71.0183787,8574539843,0.0,155
d6600c68-8a26-3a88-86e2-99517365c10a,New Bedford Outpatient Clinic,175 Elm Street,New Bedford,MA,02740,41.635937,-70.92991,508-994-0217,0.0,108
36d96ba1-1b43-3fda-b4b0-84205d5b3a16,EMANUEL DEVELOPMENT CORPORATION,10 BELLAMY ST,BRIGHTON,MA,021351502,42.354847649999996,-71.16853348093532,6177828113,0.0,1
2e8b42f8-4300-30a9-a576-d513d1021a0a,GREATER LOWELL FAMILY PRACTICE PC,600 CLARK RD,TEWKSBURY,MA,018761699,42.63120935,-71.27023603178071,9784538446,0.0,43
5ba77f2c-8ce5-3dde-bb46-3ffcceb3bfbf,188 FLORENCE STREET OPERATOR LLC,188 FLORENCE ST,CHESTNUT HILL,MA,024672641,42.31835025,-71.17401686317635,6173324730,0.0,2
d140ed3f-2696-3e78-bd77-1c959ec4fc4d,HATHAWAY MANOR EXTENDED CARE,863 HATHAWAY ROAD,NEW BEDFORD,MA,027401916,41.6512968,-70.9669902070805,5089966763,0.0,5
1cff30ba-b91f-3ea2-b80b-770d67856358,ROYAL NURSING CENTER  LLC,359 JONES RD,FALMOUTH,MA,025403341,41.5591273,-70.60352436630029,7743450220,0.0,10
4ff8b164-4cf5-3ab4-b0f2-7ce8fda920e5,CARDIOVASCULAR CENTER AT TUFTS MEDICAL CENTER INC,800 WASHINGTON ST,WORCESTER,MA,016550002,42.180483,-71.867782,6176365000,0.0,48
bccd7d67-203c-3d93-b6b0-bff5a146cd1d,CARECENTRAL URGENT CARE MEDICAL GROUP PC,286 WASHINGTON ST,STOUGHTON,MA,020721763,42.1384306,-71.1022598,7813412800,0.0,52
63cb4d95-04a9-3a35-b5d9-f89e0377a48d,STURDY MEMORIAL HOSPITAL INC,211 PARK ST,ATTLEBORO,MA,027033143,41.9419187,-71.2752081695297,5082368110,0.0,72
6e290541-eba3-37fc-a3e2-e58f77e84c7e,JEWISH FAMILY SERVICE OF WESTERN MASSACHUSETTS INC.,15 LENOX ST.,SPRINGFIELD,MA,011083122,42.085779,-72.55846414285715,4137372601,0.0,18
263d1b03-1560-3fc3-b93d-c33a0cbd5837,HOSPICE SERVICES OF MASSACHUSETTS,10 RIVERSIDE DRIVE  STE 201,LAKEVILLE,MA,023471689,41.8771119,-70.92344635,5082910049,0.0,2
a2a41caf-758f-3962-8e5f-e6e603f93d17,VIBRA HOSPITAL OF WESTERN MASSACHUSETTS LLC,111 HUNTOON MEMORIAL HWY,ROCHDALE,MA,015421305,42.2020225,-71.89891616754682,5088926000,0.0,105
8ae6a210-708f-3b23-b7d3-ac7948abd2b0,EDWARD M KENNEDY COMMUNITY HEALTH CENTER INC,631 LINCOLN ST,WORCESTER,MA,016052010,42.2975664,-71.76536802164628,8008532288,0.0,60
db28cc9a-fdfb-35a6-aef7-ab9b933ef244,CAMBRIDGE REHABILITATION & NURSING CENTER,8 DANA STREET,CAMBRIDGE,MA,021385402,42.3694992,-71.11011030010101,6178644267,0.0,52
19a65317-5d32-355e-8f82-88933d48366d,LAKEVILLE FAMILY MEDICINE PC,5 PRECINCT ST,LAKEVILLE,MA,023471468,41.8455651,-70.95195924208448,5089476666,0.0,28
756ed90d-15f4-377d-b99f-ca1de5633481,MEDWAY COUNTRY MANOR SKILLED NURSING & REHABILITAT,115 HOLLISTON ST,MEDWAY,MA,020531954,42.158983899999996,-71.41067830029175,5085336634,0.0,1
9d0e702d-50a0-3f4c-9126-0951d560fd4b,NEW ENGLAND REHABILITATION SERVICES OF CENTRAL MASSACHUSETTS INC,189 MAY ST,WORCESTER,MA,016024339,42.25986305,-71.83597786023279,5087916351,0.0,389
c7542447-e06e-32cb-b6db-243c23a0dbc2,FRANCISCAN HOSPITAL FOR CHILDREN INC,30 WARREN ST,BOSTON,MA,021353602,42.3501483,-71.14393324457691,6172543800,0.0,108
d9fe2c9c-135e-3da3-8de8-1a0ff165d886,JEWISH FAMILY & CHILDREN'S SERVICE,1430 MAIN ST,WORCESTER,MA,016091121,42.2492003,-71.92931780325071,7816475327,0.0,29
8bf5325a-c11b-35c4-b07d-17a5aeba8353,BEACON HOSPICE  AN AMYEDISYS COMPANY,815 WORCESTER STREET,SPRINGFIELD,MA,011511001,42.1018764,-72.5886727,4132051229,0.0,5
621bd7b5-3f4c-3555-8daa-f1216e352f33,BELMONT MANOR NURSING HOME INC,34 AGASSIZ AVE,BELMONT,MA,024785023,42.38815185,-71.19406248191802,6174891200,0.0,1
46375470-1e20-3ddc-8dc5-010ba53826b6,BAYSTATE WING HOSPITAL CORPORATION,40 WRIGHT ST,PALMER,MA,010691138,42.16934095,-72.34120457065711,4132837651,0.0,315
9d2a1656-0f4d-30d1-bc63-eb365a05529c,STEWARD GOOD SAMARITAN MEDICAL CENTER  INC.,235 N PEARL ST,BROCKTON,MA,023011794,42.09805395,-71.0609587194362,5084272841,0.0,86
aba3e6f6-4562-342e-b90f-dd61b117f394,MEDICAL EXPRESS URGENT CARE CENTER CO INC,438 CHESTNUT STREET,SPRINGFIELD,MA,011072008,42.11291091861002,-72.59692685125127,4137811100,0.0,2
72f50aa0-d8c9-34dc-ac58-c428323f3bcd,BOSTON HEALTH CARE FOR THE HOMELESS PROGRAM INC,55 FRUIT ST,BOSTON,MA,021142696,42.36286045,-71.06875296664998,6177262707,0.0,50
be509ccb-bfb7-3b87-8945-8426b689ef9d,BOSTON HOME  INC (THE),2049 DORCHESTER AVENUE,BOSTON,MA,021244742,42.3554334,-71.060511,6178253905,0.0,22
a06b1a97-d6ce-3ea1-ba4a-2ef85a8114ab,APPLE VALLEY CENTER,400 GROTON ROAD,AYER,MA,014321171,42.57821195,-71.5733060441645,9787721704,0.0,12
73c7eaf8-f8b3-383f-b3e1-4d8ff5ca255d,MASHPEE ACQUISITION LLC,161 FALMOUTH RD,MASHPEE,MA,026492662,41.6314877,-70.46769809885944,5084772490,0.0,3
9fbf3c5e-5f22-3b9f-9032-39d6de320874,METRO WEST REHAB CORP,150 FLANDERS RD,WESTBOROUGH,MA,015811017,42.2770724,-71.5679154706427,5088712000,0.0,8
f8918a95-31e8-3ac4-8d12-29ca6080ebda,BETH ISRAEL DEACONESS HOSPITAL MILTON INC,199 REEDSDALE RD,MILTON,MA,021863926,42.251368299999996,-71.0768393856917,6173131214,0.0,59
8d5880eb-1dd8-31ea-b7c5-21709f3bb341,MELROSE INTERNAL MEDICINE ASSOC PC,50 ROWE ST,MELROSE,MA,021763201,42.4592093,-71.06078096379728,7819793800,0.0,56
3ff0f58b-7a1f-3334-9449-ff15f68b7d86,BETH ISRAEL DEACONESS HOSPITAL PLYMOUTH INC,275 SANDWICH ST,PLYMOUTH,MA,023607761,41.94186605,-70.6455366462985,5087462000,0.0,1358
70e3ad4f-b9ff-3f3e-9990-2cd7e23a9d1c,HEALTH-MD URGENT CARE,1238 RIVERDALE ST,WEST SPRINGFIELD,MA,010894675,42.1373438,-72.62624707492338,4135043507,0.0,3
dbe1e521-57da-3855-9aa0-aabadbd17e32,NORTH RIVER HOSPICE LLC,454 WASHINGTON ST,NORWELL,MA,020612050,42.1592792,-70.85480698781902,5084082408,0.0,5
8ddbad9e-b5fc-3895-8a1c-17f32197a865,BROAD REACH HOSPICE,1455 MAIN STREET,CHATHAM,MA,026332083,41.6827332,-69.98755685244114,5089454601,0.0,11
dd280187-8662-3732-af81-595d10572911,4499 ACUSHNET AVENUE OPERATING COMPANY  LLC,4499 ACUSHNET AVE,NEW BEDFORD,MA,027454707,41.74026055,-70.9450945705336,5089956900,0.0,86
dae3ee01-f383-366e-9ad6-dc92963064ea,MERCY MEDICAL CTR,1233 MAIN ST,HOLYOKE,MA,010405381,42.16578055,-72.63389634691956,4135365111,0.0,23
2c708a72-2e25-36a1-8209-d2a708874eff,HOPEHEALTH HOSPICE & PALLIATIVE CARE,1324 BELMONT STREET #202,BROCKTON,MA,023014435,42.057156895761736,-71.06994368825448,5089570200,0.0,33
dac75bc1-cbfa-306b-9a0a-88d5edf3638d,BRIGHTON HOUSE REHABILITATION & NURSING CENTER,170 COREY ROAD,BRIGHTON,MA,021358244,42.3433093,-71.14003855124017,6177310515,0.0,6
089bceb2-0ecb-3650-95e9-e7260248b809,STARTING LINE WELLNESS LLC,50 W MAIN ST,HOPKINTON,MA,017481672,42.22029125,-71.53814854921914,5084351250,0.0,22
f82ff162-c689-3682-876c-220cf96eb97b,MIDDLESEX FAMILY PRACTICE PC,74 MAIN ST,FRAMINGHAM,MA,017022952,42.2976266,-71.42605348361442,5082708844,0.0,37
9d989fcf-4ad9-3972-ada3-f275d967781e,FALMOUTH HOSPITAL ASSOCIATION INC,100 TER HEUN DR,SANDWICH,MA,025632377,41.7579043,-70.4968152,5084573528,0.0,115
87472bc2-7c23-37cc-8355-7f3e88614b6b,EAST LONGMEADOW SKILLED NURSING CENTER,305 MAPLE STREET,EAST LONGMEADOW,MA,010282765,42.059258494749486,-72.53388585052694,4135256361,0.0,2
542185c1-943a-30f4-aba0-0efaa92488a4,EVEREST HEALTH CARE SPECIALISTS PLLC,142 LAKE ST,ARLINGTON,MA,024764738,42.40328885,-71.15140830652837,7817772320,0.0,31
a2cc09de-c1e2-3126-8c09-d49f95225281,CHILDREN'S HOSPITAL CORPORATION,300 LONGWOOD AVE,WALTHAM,MA,024532741,42.3756401,-71.2358004,6173554831,0.0,17
9f2f60a6-87a4-3f45-b753-b63b5b7e9993,NORTH END COMMUNITY HEALTH COMMITTEE INC,332 HANOVER STREET,BOSTON,MA,021131901,42.3647421,-71.0536619,6176438000,0.0,34
44cb1162-a345-3477-8723-c202a3c8cdcd,HOPKINTON MEDICAL CARE  P.C.,73 W MAIN ST,HOPKINTON,MA,017481619,42.21799145,-71.54005509979045,5084356900,0.0,102
c5306a86-09a1-32d9-875a-67ef56e131c0,ACCESS PRIMARY CARE INC,242 SUTTON ST,NORTH ANDOVER,MA,018451631,42.70773345,-71.1300651,9786551987,0.0,29
f341c366-8313-3790-ab26-d8d27b116ff5,WAYSIDE YOUTH & FAMILY SUPPORT NETWORK,80 LINCOLN STREET,WALTHAM,MA,024535465,42.39322121170625,-71.24104146434591,5086200010,0.0,28
a730c5e6-a15f-3e36-8112-8579e507d330,MIDDLESEX INTERNAL MEDICINE ASSOCIATES  INC,28 LORD RD,MARLBOROUGH,MA,017524549,42.34718040987546,-71.57283065352654,5084857660,0.0,38
ce4d0501-49eb-396a-bc56-545fdfc624b0,MARTHA'S VINEYARD HOSPITAL INC,1 HOSPITAL RD,OAK BLUFFS,MA,025571406,41.46063105,-70.57989080295974,5086930410,0.0,105
70e943de-a18b-3e03-a204-ecca2f01b6d1,OAKDALE REHABILITATION & SKILLED NURSING CENTER,76 NORTH MAIN STREET,WEST BOYLSTON,MA,015831130,42.393642299999996,-71.79207534741954,5088356076,0.0,17
e69e7cbb-8362-30d1-83f2-3a0c492fe2b1,PLYMOUTH CARVER PRIMARY CARE  P.C.,110 LONG POND RD,PLYMOUTH,MA,023602642,41.9255829,-70.65514326847389,5087467272,0.0,247
d13ac855-c068-3b57-8d65-fc3c90f32558,PLEASANT BAY OF BREWSTER REHAB CENTER LLC,383 SOUTH ORLEANS ROAD,BREWSTER,MA,026312870,41.738964949999996,-70.00124453922743,7812550531,0.0,3
afc661fd-71d9-3fc3-adf2-3fc3b5e8a140,BROCKTON HOSPITAL  INC.,680 CENTRE ST,RAYNHAM,MA,02767,41.9487118,-71.0731008,5089417000,0.0,19
06cc2462-430f-3322-9c87-7e971125f510,EMERSON HOSPITAL,133 OLD ROAD TO 9 ACRE COR,WESTFORD,MA,018863198,42.5792583,-71.4378411,9782873226,0.0,41
dd456e39-9f82-303b-9c3f-5db0e82a437e,FAMILY HEALTH CENTER OF WORCESTER INC,26 QUEEN ST,WORCESTER,MA,016102473,42.25930925,-71.81494729825698,5088607962,0.0,1
759de184-595f-3131-ba20-6a412553496d,49 THOMAS PATTEN DRIVE OPERATING COMPANY  LLC,49 THOMAS PATTEN DR,RANDOLPH,MA,023683901,42.1594587,-71.06112167252701,7819611160,0.0,1
db106514-f254-3402-b6a4-6d210c78c7e2,JOHN ADAMS HEALTHCARE CENTER,211 FRANKLIN STREET,QUINCY,MA,021697833,42.23691085,-71.00237199954586,6174790837,0.0,9
ee7fab6f-6438-394f-b1f2-3e452f8f055a,BLUEBERRY HILL REHABILITATION AND HEALTHCARE CTR,75 BRIMBAL AVENUE,BEVERLY,MA,019156009,42.570099299999995,-70.87108224250409,9789272020,0.0,7
880fad59-9c38-3a21-a39f-ccc801502ab3,SANCTA MARIA NURSING FACILITY,799 CONCORD AVENUE,CAMBRIDGE,MA,021381048,42.390849395521705,-71.1556550001627,6178682200,0.0,4
e34d8448-8b98-3f91-9fe7-faeb8a78e1db,ASSOCIATED INTERNISTS OF RANDOLPH  INC.,NEW ENGLAND SINAI HOSPITAL,MILTON,MA,021862377,42.2501425,-71.065573,7813440600,0.0,60
10ffe7b1-2f94-3f12-9288-679da05a1ec9,WESTFORD INTERNAL MEDICINE PC,133 LITTLETON RD,WESTFORD,MA,01886,42.57056335,-71.41736646422413,9785771946,0.0,106
2b97893e-dc50-378b-a266-f089b8450329,HARBOR HEALTH SERVICES INC,250 MOUNT VERNON ST,DORCHESTER,MA,021253120,42.3194571,-71.04610844302991,6172881140,0.0,29
d0894f6b-78d7-338d-82ad-b63de4d40014,MOUNT AUBURN HOSPITAL,330 MOUNT AUBURN STREET,WALTHAM,MA,02452,42.3756401,-71.2358004,6174923500,0.0,163
3d5fbf38-c781-3e04-8c7e-5a402611b7d4,DAVIS SQUARE FAMILY PRACTICE,260 ELM ST,SOMERVILLE,MA,021442951,42.3955992,-71.1227391,6176669577,0.0,158
2f67494e-f17e-3248-ba68-3ca42913cca1,ROYAL OF FAIRHAVEN NURSING CENTER,184 MAIN STREET,FAIRHAVEN,MA,027193259,41.646106,-70.90865208079187,5089973193,0.0,17
fd938c9f-a355-3ec7-96f8-516240ea1ba2,BEACON HOSPICE LLC,529 MAIN ST STE 126,PLYMOUTH,MA,023604842,41.7664657,-70.7266525,6176172424,0.0,1
edd58f69-ad5f-346b-b1f9-530ccdc895f6,RISE ABOVE WELLNESS HEALTH SERVICES LLC,52 CARPENTER ST,ATTLEBORO,MA,027032472,41.9369576,-71.27996091755344,8572473180,0.0,63
069b90f9-309b-35e4-b990-d1dbacb962cc,MONT MARIE REHABILITATION & HEALTHCARE CENTER,36 LOWER WESTFIELD ROAD,HOLYOKE,MA,010402749,42.16975305,-72.63488031242107,4135386050,0.0,2
90044527-f49c-3399-b978-7f64914e8f5e,ST JOHNS NURSING HOME INC,397 COUNTY STREET,NEW BEDFORD,MA,027404933,41.630275999999995,-70.92928239809834,5089979396,0.0,2
936ceb96-2b12-371f-aa68-ee02a9c06f4c,PRIMARY CARE NORTH PC,225 BOSTON ST,LYNN,MA,019043124,42.470497449999996,-70.96003668151566,7815959581,0.0,20
dfcd78f1-f67e-321d-84e3-f658c482c474,PLEASANT BAY HEALTH AND WELLNESS CENTER LLC,64 WOODLANDS WAY,BREWSTER,MA,026312550,41.737807,-70.0036669,5082401110,0.0,54
d3fe08e0-6fdc-36bc-8f88-c8b7654cdcd8,TRINITY HOSPICE LLC,545 SW CUTOFF STE 9,WORCESTER,MA,016071766,42.211685200000005,-71.7968399931798,5087918200,0.0,1
7b7ce654-a413-37d1-9d34-97240c0ac580,WOONSOCKET URGENT CARE PC,1 WRENTHAM ST,BELLINGHAM,MA,020192532,42.025037350000005,-71.48945118224057,5083184466,0.0,7
7b20d1c4-c56b-3647-801c-5e4e13679073,BETH ISRAEL DEACONESS HOSPITAL PLYMOUTH INC,275 SANDWICH ST,PLYMOUTH,MA,023602183,41.94186605,-70.6455366462985,5087462000,0.0,2015
281525ef-5743-34a8-9339-66c8b4be6668,NOTRE DAME HOSPICE,555 PLANTATION STREET,WORCESTER,MA,016052376,42.2907683,-71.7649752,5088525505,0.0,7
3e97ce4f-3ad7-3cea-883f-e2bb4ca89d83,HALLMARK HEALTH URGENT CARE PHYSICIANS LLC,30 NEW CROSSING RD,READING,MA,018673270,42.51809619399502,-71.0959083715027,7812801699,0.0,40
c60fc3df-9dbd-3f31-a456-41c84490266f,BOURNE MANOR EXTENDED CARE FACILITY,146 MAC ARTHUR BOULEVARD,BOURNE,MA,025323902,41.7412166,-70.5989196,5087598880,0.0,7
c0132cf6-1703-3aad-89b4-cc2f2bbc123e,MARISTHILL NURSING & REHABILITATION CENTER,66 NEWTON STREET,WALTHAM,MA,024536058,42.3746705,-71.22789736306842,7818930240,0.0,1
c4e5b33c-17b8-3f51-a8ba-a327d54e642a,PRIMARY CARE MEDICINE AND PEDIATRICS  LLC,94 N ELM ST,WESTFIELD,MA,010852917,42.1322823,-72.7436679,4135621650,0.0,28
79d49935-bcc0-36ca-920b-45365c367438,SOUTH BOSTON COMMUNITY HEALTH CENTER INC,409 W BROADWAY,SOUTH BOSTON,MA,021272245,42.336831,-71.047958,6172697500,0.0,12
0f2c58ec-5323-3c0f-9bdf-af0df7eb2a2b,MARIAN MANOR,130 DORCHESTER STREET,SOUTH BOSTON,MA,021272642,42.3334312,-71.0494949,6172683333,0.0,20
680532c8-2661-3b39-875a-b6ec0746ccf5,CHARLES RIVER COMMUNITY HEALTH  INC,30 ATHOL ST,ALLSTON,MA,021341124,42.36075595,-71.13397379082869,6177830500,0.0,28
51370692-6296-3150-8672-559fc73f964f,BRIGHAM & WOMENS HOSPITAL INC,75 FRANCIS ST,WEST BRIDGEWATER,MA,023791542,42.0219112,-71.019004,6177325500,0.0,40
2836d9ac-c6a6-39d1-8f13-fdf0fc8928f4,TEWKSBURY HOSPITAL,365 EAST ST,TEWKSBURY,MA,018761950,42.6069472,-71.2180803,9788517321,0.0,55
7dddc0c2-9f1d-3e4e-b2f2-fc7e6abbed31,ALTERNATIVE HOME HEALTH CARE  LLC,160 MERRIMACK STREET  SUITE 1,METHUEN,MA,018446117,42.7334079,-71.13599310716302,9786577444,0.0,3
82c72223-f521-3a34-9b9b-4ff366365399,CARNEY HOSPITAL,2100 DORCHESTER AVENUE,QUINCY,MA,021691870,42.2509914,-71.0037374,6175062000,0.0,66
719db77c-034f-3079-9b12-0d2ec2efeef9,SOUTH END COMMUNITY HEALTH CENTER INC,1601 WASHINGTON ST,BOSTON,MA,021182006,42.3381394,-71.0748562,6174252000,0.0,49
04b252db-4231-3cb5-963d-6f096fb4b97c,DEDHAM MEDICAL ASSOCIATES URGENT CARE CENTER LLC,1177 PROVIDENCE HIGHWAY,NORWOOD,MA,020625019,42.194543,-71.1994976,7813291400,0.0,5
83579123-f29c-39b8-9f5f-8f79e91683c7,NASH HEALTH CARE PRACTICES LLC,100 CENTURY DR,WORCESTER,MA,016061244,42.3138278,-71.7707002,5083457129,0.0,122
4fa8411f-42f8-3353-8947-bf15254c9dee,GREENWOOD NURSING & REHABILITATION CENTER,90 GREENWOOD STREET,WAKEFIELD,MA,018804039,42.476321150000004,-71.06922169005762,7812460211,0.0,13
ca7b6c37-ddf1-3aa2-8bc4-d96cf3fa2fe6,NOTRE DAME HEALTH CARE CENTER  INC,559 PLANTATION ST,WORCESTER,MA,016052350,42.291381799999996,-71.7630578363871,5088523101,0.0,2
1de7e7d9-9a7a-3a3f-bf4c-b4de450711f2,CIRCLE HEALTH URGENT CARE LLC,198 LITTLETON RD,WESTFORD,MA,018863429,42.564282,-71.42620615382347,9783230302,0.0,1
7345a4c0-52c6-3da2-8aef-fccb8ad3e8c4,BROOKHAVEN HOSPICE LLC,114 TURNPIKE RD STE 206,WESTBOROUGH,MA,015812800,42.28414835,-71.60433295499837,5088204800,0.0,1
497f39dd-280e-3d58-af5b-c5e3a3a09b10,CAPE COD HOSPITAL INC,27 PARK ST,HYANNIS,MA,026015230,41.65363635,-70.27352219234834,5087711800,0.0,378
b0762027-dc86-335b-8310-f4f031c1caca,LIFE CARE CENTER OF WEST BRIDGEWATER,765 WEST CENTER STREET,WEST BRIDGEWATER,MA,023791517,42.01302315,-71.05345585281756,5085804400,0.0,3
0d7fd824-1c7b-3f8b-a662-f6c2005e82e1,OVERLOOK MASONIC HEALTH CENTER,88 MASONIC HOME ROAD,CHARLTON,MA,015071394,42.1389039,-71.9782681,5082487344,0.0,3
a525d084-5a8f-3859-a048-2130a4092ec8,BAYADA HOME HEALTH CARE  INC,2 MOUNT ROYAL AVENUE  SUITE 350,MARLBOROUGH,MA,017521976,42.34042135,-71.57841367654626,5088534100,0.0,4
accb8cdd-6560-3fef-b0a6-f12c3295026a,LIFE CARE CENTER OF ATTLEBORO,969 PARK STREET,ATTLEBORO,MA,027035115,41.9266899,-71.2611303145582,5082224182,0.0,5
792f1ce2-3420-3f91-bd8c-ce680ef4c5d2,SOUTH SHORE MEDICAL INVESTORS LLC,309 DRIFTWAY,SCITUATE,MA,020661905,42.1766448,-70.74318482072749,7815451370,0.0,6
e1d085f0-8179-3ead-89e0-55e21a2f1649,ELMWOOD HOME CARE INC,120 DUDLEY STREET,ATTLEBORO,MA,027033258,41.9438129,-71.2806515,4019411347,0.0,6
1ab2b5f9-cb95-3236-beec-9b9d4a407c61,BERKSHIRE MEDICAL CENTER INC,725 NORTH ST,PITTSFIELD,MA,012014109,42.4600752,-73.2492795834909,4134472000,0.0,37
41e2a44c-477c-3511-96f9-12c476aa3b6a,DR SOLOMON CARTER FULLER MENTAL HEALTH CENTER,85 E NEWTON ST,BOSTON,MA,021183553,42.336277100000004,-71.07085295687423,6176268860,0.0,286
9d41e4fc-9507-3ddb-82ad-966046fca031,ODD FELLOWS HOME OF MASSACHUSETTS,104 RANDOLPH ROAD,WORCESTER,MA,016062465,42.29955605000001,-71.79838133819244,5088536687,0.0,10
5b0cd0a0-f277-3a66-bee6-d64b5be4a3f5,BERKSHIRE MEDICAL CENTER INC - 1,725 NORTH ST,PITTSFIELD,MA,012015493,42.4600752,-73.2492795834909,4134472000,0.0,68
79a06fd6-9f2b-35e3-9b11-0bc5ff89e17c,Lynn Community Based Outpatient Clinic (CBOC),225 Boston Road  Suite 107,Lynn,MA,01904,42.470093,-70.95994,800-838-6331,0.0,68
69195f53-626c-3031-b4de-d0b206f75d8c,LUTHERAN HOME OF JAMAICA PLAIN INC,174 FOREST HILLS ST,BOSTON,MA,021303353,42.306401050000005,-71.10237442688054,6175221550,0.0,1
c1986c0c-f756-3596-8f90-08adacf220fe,CHESTNUT WOODS REHABILITATION AND HEALTHCARE CTR,73 CHESTNUT STREET,SAUGUS,MA,019061605,42.4573919,-70.9918055,7812338123,0.0,4
ad2dab07-4f85-3950-baaa-7c7cd2aa770c,UNIVERSITY OF MA MED CTR-ESRD,55 LAKE AVENUE NORTH,WORCESTER,MA,016550002,42.2774799,-71.76166994969458,5088560011,0.0,60
0d1570ab-371c-3898-9397-95905d8c5166,TUFTS MEDICAL CENTER  INC,750 WASHINGTON ST,BOSTON,MA,021111552,42.3499038,-71.0631836,6176365442,0.0,190
1853aeef-5897-326a-80d6-aa4b0459eb6d,BARRINGTON URGENT CARE PC,381 WICKENDEN ST,ATTLEBORO,MA,027032247,41.9438129,-71.2806515,4014337550,0.0,359
94dda4e1-7476-367a-b1f8-37ea7f61a1b7,WHITTIER REHABILITATION HOSPITAL - BRADFORD,145 WARD HILL AVENUE,WESTBOROUGH,MA,015811017,42.2694308,-71.6129907,9783728000,0.0,1
22fa6d28-92b6-3446-a388-f5aba50debaf,CHELSEA JEWISH VISITING NURSE AGENCY,123 CAPTAIN'S ROW,CHELSEA,MA,021504019,42.3917638,-71.0328284,6178870826,0.0,2
8a87ef73-eaa2-340a-bec5-c3cef01ef836,BEAR MT WESTFORD LLC,3 PARK DR,WESTFORD,MA,018863511,42.556814700000004,-71.43463308318695,9783921144,0.0,2
c0a33465-d309-3d2a-932e-9d554a7cc19c,T MASSACHUSETTS  LLC,100 CENTURY DR,WORCESTER,MA,016061244,42.3138278,-71.7707002,7743667000,0.0,390
0583e4f7-f1c2-3100-8e0c-d0decc7ef261,COMMUNITY HEALTH CENTER OF CAPE COD  INC.,123 WATERHOUSE ROAD,BOURNE,MA,025323890,41.72840155,-70.58506829999999,5084777090,0.0,51
689f8809-c101-38db-b3c9-580b4c37f268,VINEYARD MEDICAL CARE LLC,364 STATE RD,VINEYARD HAVEN,MA,025685624,41.44720825,-70.61474940346154,5086934400,0.0,89
7f32dd7d-5c35-3ddb-839b-8fbbb930d412,ST PATRICK'S MANOR,863 CENTRAL STREET,FRAMINGHAM,MA,017014813,42.30758060362541,-71.42846215724606,5088798000,0.0,7
80646050-1c76-3046-bbc8-fd5f0b7c34e6,COMMUNITY HEALTH CONNECTIONS  INC,140 ARNHOW FARM ROAD,FITCHBURG,MA,014201369,42.5903661,-71.8119837,9788788100,0.0,42
cac6f8b3-eafd-31b3-9fa3-8015752ccc2c,VHS ACQUISITION SUBSIDIARY NUMBER 7 INC,123 SUMMER ST,WORCESTER,MA,016081216,42.26496835,-71.79655403681465,5083636211,0.0,34
6e517750-a29e-3170-a02b-5733ff523458,TREE OF LIFE HEALTHCARE ASSOCIATES,101 BARRY RD,WORCESTER,MA,016091275,42.3030701,-71.8333408960994,5087677931,0.0,49
1b3fe590-8793-3f08-865d-01fc425a84d4,FENWAY COMMUNITY HEALTH CENTER  INC,1340 BOYLSTON ST,BOSTON,MA,022154302,42.34392675,-71.09888049065322,6179274880,0.0,12
0be0e035-8dad-387e-bbdd-a5a469c4311f,PODIATRY HEALTHCARE P.C.,480 MAPLE ST,DANVERS,MA,019234065,42.584178050000006,-70.97197467750539,9783048403,0.0,28
3f12ebb4-e03c-3453-88d2-4fc9682383df,NEW BEDFORD INTERNAL MEDICINE & GERIATRICS  LLC,726 COUNTY ST,NORTH DARTMOUTH,MA,027473603,41.6389926,-70.9703171,5089845671,0.0,47
8ec2ca51-abb4-35dd-b90f-6c6aad6d2124,ALLIANCE HEALTH AT ROSEWOOD,22 JOHNSON STREET,PEABODY,MA,019602311,42.54644385,-70.99288129112277,9785358700,0.0,2
9fdce5d5-d4d0-3156-a8d5-8757bfe4e9b3,ONE CALL HEALTHCARE PLLC,1 FARMER CIR,ARLINGTON,MA,024742866,42.42405225,-71.16792616556859,6178660789,0.0,74
b3b56527-d366-3353-bca9-266a12f23051,LYDIA TAFT HOUSE,60 QUAKER HIGHWAY,UXBRIDGE,MA,015691628,42.06100105,-71.62352848737622,5082789500,0.0,8
f1664435-2eca-3eff-bd1a-13701e7ad1bd,STANFORD HEALTH CARE,300 PASTEUR DRIVE,NEWTON,MA,024592058,42.3370414,-71.2092214,6507234000,0.0,13
125eccb3-d003-34ea-9bd8-360dff059782,NEW ENGLAND BAPTIST HOSPITAL,125 PARKER HILL AVENUE,DEDHAM,MA,020266146,42.2489143,-71.1755732,6177545800,0.0,60
a8a4e435-687f-3ecb-9af8-09b4636d1a1a,CAPE COD FREE CLINIC AND COMMUNITY HLTH CTR,107 COMMERCIAL ST,MASHPEE,MA,026496507,41.60736455,-70.49065684933157,5084777090,0.0,39
e92dad8b-f485-315a-8fc4-1d7adfdc9c00,NORTHEAST BEHAVIORAL HEALTH LLC,581 FAUNCE CORNER RD,DARTMOUTH,MA,027471242,41.676111381167445,-70.98788528176077,5082079800,0.0,17
6929d249-cc27-33aa-a871-b6f26059615d,MARTHA'S VINEYARD HOSPITAL INC,ONE HOSPITAL ROAD  FIRST FL  WING 5   PO BOX 1477,OAK BLUFFS,MA,025571406,41.4538523,-70.5684713,5086930410,0.0,372
aad05540-c9cb-3805-b3c4-f9b9d9b42b2e,RIVER'S EDGE PRIMARY CARE LLC,821 E MAIN ST STE 3,CHICOPEE,MA,010206306,42.155774795300516,-72.55672263289513,4136956774,0.0,26
2e73956a-942f-36f3-b88c-f88e782e578f,COMPASSUS - SOUTHERN MASSACHUSETTS,790 TURNPIKE STREET  SUITE 202,NORTH ANDOVER,MA,018456138,42.661547049999996,-71.10774565195425,9787778222,0.0,1
ce3b504c-f15c-3bcf-ba6e-dcb551cc7d7f,BOSTON HEALTH CARE FOR THE HOMELESS PROGRAM INC,112 SOUTHAMPTON ST,BOSTON,MA,021182711,42.33240995,-71.06915010706255,6175342881,0.0,57
eea92149-820f-301f-911e-b170e8312842,ST VINCENT HOSPITAL,123 SUMMER STREET,WORCESTER,MA,016102177,42.26496835,-71.79655403681465,5083635000,0.0,7
19a3afba-b409-3650-a0ab-f3faf6e391ef,ASSOCIATED PHYSICIANS OF HARVARD MEDICAL FACULTY PHYSICIANS AT BETH IS,199 REEDSDALE RD,WALTHAM,MA,024511433,42.3756401,-71.2358004,6176964600,0.0,17
76b7dbb5-0a02-32a4-9a01-3511f7e45016,CARDIGAN NURSING & REHABILITATION CENTER,59 COUNTRY WAY,SCITUATE,MA,020663746,42.1806871,-70.74862935148246,7815459477,0.0,113
7348f15f-ec3d-3aef-821a-8de550c90f26,SEACOAST SNF LLC,292 WASHINGTON ST,GLOUCESTER,MA,019304832,42.6249323,-70.6824382785235,9782830300,0.0,1
2f5c26cd-be8d-351a-97af-23fbcaba0967,BETH ISRAEL DEACONESS HOSPITAL PLYMOUTH INC,36 CORDAGE PARK CIR,PLYMOUTH,MA,023607320,41.978323,-70.689036,5087460215,0.0,9
cbebae9e-f95e-3d2c-9712-289ea8d6aeec,ARBOUR HOSPITAL  THE,49 ROBINWOOD AVENUE,QUINCY,MA,021698130,42.2509914,-71.0037374,6175224400,0.0,56
78cd7edb-2df6-34da-b463-5f9eb15cf862,OVERLOOK VISITING NURSE ASSOCIATION  INC,1 WEBLY ROAD,YARMOUTH PORT,MA,026752000,41.7020544,-70.249465,5089908160,0.0,10
471f7ca2-38f8-3080-8109-187c73ec0b1f,SALEM FAMILY HEALTH CENTER,27 CONGRESS ST,SALEM,MA,019707308,42.518722068313224,-70.88940635956651,9787448388,0.0,32
a5577e5c-b886-37a0-8eee-8ff6feb7ea6b,MOUNT AUBURN HOSPITAL,330 MOUNT AUBURN ST,CAMBRIDGE,MA,021385502,42.3741033,-71.13417575971958,6174923500,0.0,107
20df65a4-7567-3066-b680-0f71b0c31d38,HENRY HEYWOOD MEMORIAL HOSPITAL,242 GREEN ST,GARDNER,MA,014401336,42.58685735,-71.98748072431209,9786323420,0.0,92
7dcab1ad-0e13-3700-9eb0-70767c5e2b55,URGENT CARE PHYSICIANS PC,1515 ALLEN ST,SPRINGFIELD,MA,011181803,42.095299499999996,-72.50943136142334,4137839114,0.0,6
ce9c1582-994d-32bf-835c-474a249d2804,KINDRED AT HOME,275 MARTINE STREET  SUITE 104,FALL RIVER,MA,027231500,41.68393816525316,-71.1220830626733,5086720675,0.0,5
9485907a-9f9c-3c19-a424-b402ee8f99c2,ST FRANCIS REHABILITATION & NURSING CENTER,101 PLANTATION STREET,WORCESTER,MA,016043025,42.258026400000006,-71.78384882397785,5087558605,0.0,1
1494b446-f1aa-3752-8d9c-8eb801059e77,OVERBOARD HEALTH CARE LLC,439 COLUMBIA RD,HANOVER,MA,023392393,42.108043699999996,-70.81047504431497,5083456313,0.0,5
5b20f93b-fde3-34e2-a878-729686a22042,BOSTON UNIVERSITY FAMILY MEDICINE INC,1 BOSTON MEDICAL CTR PL,BOSTON,MA,022151394,42.3554334,-71.060511,6174142080,0.0,44
4eddfa13-f996-3048-9bbc-541b0a29038a,STEWARD ST ELIZABETHS MEDICAL CENTER OF BOSTON INC,736 CAMBRIDGE ST,BRIGHTON,MA,021353601,42.348649949999995,-71.14799584850206,6177893000,0.0,37
845fbd9b-2d1c-39a8-8261-28ae40e4fab2,MILFORD REGIONAL MEDICAL CENTER,14 PROSPECT STREET,UPTON,MA,015681431,42.1700209025178,-71.59409308099494,5084731190,0.0,111
bac9dc0c-cb0f-3fa6-aa12-819dd0fb922a,CAMBRIDGE PUBLIC HEALTH COMMISSION,1493 CAMBRIDGE ST,SOMERVILLE,MA,021452935,42.3875968,-71.0994968,6176651000,0.0,93
9ce6072b-d039-3cde-8eaf-950211b8ae88,MIDDLETON FAMILY MEDICINE URGENT CARE  LLC,147 S MAIN ST,MIDDLETON,MA,019492446,42.585787222720036,-71.00861442427218,9787742555,0.0,6
2576629d-4a1a-3a63-8c08-779cbd8ef98b,ORLEANS MEDICAL CENTER  P.C.,204 MAIN ST,ORLEANS,MA,026533428,41.78516795,-69.96772048551409,5082558825,0.0,68
af8566eb-8918-3ec7-ba44-92b6a2cf8097,NORTH SHORE MEDICAL CENTER INC,81 HIGHLAND AVE,SALEM,MA,019702714,42.5112107,-70.90516241826194,9787410522,0.0,190
d1d4d104-68cb-356b-9086-888de7d2826f,Framingham Outpatient Clinic,61 Lincoln Street  Suite 112,Framingham,MA,01702,42.28348,-71.41845,800-865-3384,0.0,51
058176fd-cbb0-328b-8411-c19f5045032d,EXCEL CENTER FOR NURSING AND REHAB AT LEXINGTON,840 EMERSON GARDENS ROAD,LEXINGTON,MA,02420,42.43761961817366,-71.19888753880475,7818618630,0.0,1
a036cdf2-bbc5-3ffd-987f-56e437fd8b74,WINDSOR NURSING & RETIREMENT HOME,265 N MAIN ST,SOUTH YARMOUTH,MA,026642083,41.680980000000005,-70.18292625685085,5083943514,0.0,8
4f5e8f16-a31b-3071-8556-d7188ede313d,HOLYOKE MEDICAL CENTER INC,575 BEECH ST,HOLYOKE,MA,010402223,42.20105435,-72.628169560868,4135342805,0.0,73
218e58e4-9642-3ebd-9b39-34d15f22c620,COMMUNICATIVE HEALTH CARE ASSOCIATES INC.,977 MAIN ST,WALTHAM,MA,024517406,42.376452150000006,-71.25063779999999,7818994709,0.0,8
a25107f7-f4f5-36fc-98e4-f3e1b5875c91,MASS GENERAL BRIGHAM URGENT CARE LLC,1285 BEACON ST,WOBURN,MA,018012157,42.4979478,-71.1684508,6177516205,0.0,7
0e6c3ad1-24c1-34cb-bb6d-e8438fa319e2,URGENT CARE OPERATIONS PC,50 DODGE ST,SWAMPSCOTT,MA,019071300,42.4699241,-70.9171507,9789222171,0.0,2
43ee6bb5-8efa-3bfc-8ca8-1579a5267753,STEWARD GOOD SAMARITAN MEDICAL CENTER  INC.,235 N PEARL ST,BROCKTON,MA,023011794,42.09805395,-71.0609587194362,5084273000,0.0,4
3695125c-c052-3ece-898a-2a6448987ae5,URGENT CARE SPECIALISTS  P.C.,2040 BOSTON RD STE 5,WILBRAHAM,MA,010951380,42.150295650000004,-72.47288272264812,4135993800,0.0,3
05fcf001-ab24-3d7d-85f7-f64942d82738,ENCOMPASS HEALTH BRAINTREE HOSPITAL OF BRAINTREE,250 POND STREET,FRAMINGHAM,MA,017014592,42.2838619,-71.4093719,7818485353,0.0,286
7e6db51f-7c1b-3555-9e1c-6269ba6d704d,ACCLAIM HOME HEALTH CARE  INC,120 STAFFORD STREET SUITE 206,WORCESTER,MA,016031461,42.239638,-71.8443785891577,5084596937,0.0,16
e7b77e8f-b607-3273-aef9-ad1bca48813f,ZION HEALTH & WELLNESS LLC,209 W CENTRAL ST STE 216,NATICK,MA,017603716,42.28202598359604,-71.3899479380402,7745970925,0.0,9
62ccfb55-1f60-3450-a607-706bedc9ef4e,120 MURRAY STREET OPERATIONS LLC,120 MURRAY STREET,MEDFORD,MA,021551300,42.42974035,-71.08853906104483,7813910800,0.0,1
0e3a24c3-b772-3059-b3fd-8a4710068a82,LAKESIDE FAMILY PRACTICE,416 BROADWAY,RAYNHAM,MA,027671737,41.940680799999996,-71.07864352196617,5088285020,0.0,37
28d71598-85eb-3a0e-90c1-22e0be1af57c,PARADIGM HEALTHCARE  PC,38 MULBERRY ST STE 204,NORTHAMPTON,MA,010602832,42.35436315,-72.70256804599192,4133550761,0.0,44
a537b406-fdfa-36b4-84da-12512e7e6c63,STEWARD ST. ANNES HOSPITAL CORPORATION,795 MIDDLE ST,STOUGHTON,MA,020721829,42.1252079,-71.1022015,5086745600,0.0,54
e5d50afe-8c7d-35f5-96f5-fb8941403b0f,VMD PRIMARY PROVIDERS MASSACHUSETTS PLLC,125 S CLARK ST STE 900,FALL RIVER,MA,02722,41.74223,-71.129706,3124657900,0.0,80
9adfae03-673d-365d-9052-f705098fa3e4,THE SHRINERS HOSPITAL FOR CHILDREN,51 BLOSSOM ST,BOSTON,MA,021142699,42.36305545,-71.06643399281765,1617722300,0.0,814
25431f9a-00e4-36d8-9810-4125328eec50,THE GENERAL HOSPITAL CORPORATION,55 FRUIT ST,WALTHAM,MA,02451,42.3756401,-71.2358004,6177262000,0.0,51
89171335-b9c0-3326-98d6-a837d432b9fd,WHITTIER REHABILTATION HOSPITAL,150 FLANDERS ROAD,LYNN,MA,019042915,42.466763,-70.9494939,5088712063,0.0,11
01bde980-bf89-3138-8912-7360dff33247,LE & CHANG FAMILY URGENT CARE PC,456 PARK AVE,WORCESTER,MA,016101254,42.25512735,-71.82580924803523,5086851517,0.0,12
217cb6f6-e822-3831-9d9d-ffa104971042,ENCOMPASS HEALTH REHABILITATION HOSP OF NEW ENGLAN,2 REHABILITATION WAY,WOBURN,MA,018016003,42.46352265,-71.161925472006,7819355050,0.0,35
8a6e21d0-da20-3378-8176-4e5ad2b51983,TIMOTHY DANIELS HOUSE,84 ELM STREET,HOLLISTON,MA,017462138,42.20234485,-71.42493275079366,5084294566,0.0,11
4e56c7ec-99e5-3023-8e4f-95ad18a03f06,UNITED MEDICAL CARE LLC,28 RIVERSIDE DR STE 101,PEMBROKE,MA,023594947,42.11004715,-70.77534154695786,5089715500,0.0,479
71f4c23f-7559-31ff-8f42-a672e80b85a2,SPAULDING REHABILITATION HOSPITAL,300 FIRST AVENUE,WESTBOROUGH,MA,015812831,42.2694308,-71.6129907,6177206400,0.0,613
05f80ed8-6a7a-3728-8b5c-c5c995c8244a,VA Boston Healthcare System  Jamaica Plain Campus,150 South Huntington Avenue,Jamaica Plain,MA,02130,42.32809,-71.11076,617-232-9500,0.0,372
121b0ad1-1beb-3caa-9271-3d3f726bb727,PATRIOT URGENT CARE PROFESSIONALS PC,1030 MAIN STREET,WALTHAM,MA,024517447,42.375828,-71.2527956,7818946900,0.0,91
db60692f-cbef-315b-9fce-38a7f015c482,SOUTH SHORE PRIMARY CARE PC,72 SHARPE STREET,SCITUATE,MA,020664534,42.1939754,-70.7697128,7813312010,0.0,104
883f57b8-89c6-3dc4-b6da-047705c88623,SOUTHCOAST HOSPITALS GROUP INC,363 HIGHLAND AVE,FALL RIVER,MA,027203703,41.7093779,-71.1460783680883,5086793131,0.0,172
0a2252ba-33de-322f-8f0a-e5b0141f1780,HARVARD STREET NEIGHBORHOOD HEALTH CENTER,632 BLUE  HILL AVENUE,DORCHESTER,MA,021213213,42.2941088,-71.0885355,6178253400,0.0,101
2fc3d86d-4194-3ad1-bb8a-99d5d34119a1,QUINCY PRIMARY HEALTHCARE PC,300 CONGRESS ST STE 203,QUINCY,MA,021690907,42.2345525,-71.01493330273374,6174811771,0.0,35
5aa5bbc8-a339-300d-abc2-3c85bf4b5068,8 COLONIAL DRIVE OPERATOR LLC,8 COLONIAL DR,WESTBOROUGH,MA,015811407,42.2727712,-71.60893826083459,(508) 366-9131,0.0,2
67cade01-dcfe-37b7-8e2c-b712d9e6fbba,RUTLAND FAMILY HEALTH CENTER,694 MAIN ST,HOLDEN,MA,015201862,42.3406819,-71.8390289,5088866500,0.0,62
11a40a26-a5a3-331d-aef0-d06dd90e2b4e,CAPE COD PRIMARY CARE LLC,10 OSTERVILLE WEST BARNSTABLE RD,YARMOUTH PORT,MA,026752000,41.7020544,-70.249465,5084282620,0.0,49
b954c464-11ea-312b-a3f8-1350775bfa54,CHELSEA JEWISH HOSPICE AND PALLIATIVE CARE,123 CAPTAIN'S ROW,CHELSEA,MA,021504019,42.3917638,-71.0328284,6178890779,0.0,1
9f368e75-397f-3d77-a317-9a005512a4e2,EASTERN & WESTERN MEDICAL CENTER PC,381 PARK AVE,WORCESTER,MA,016101026,42.2583962,-71.82204240042036,5087923200,0.0,105
4d3ec6c2-f6aa-3d7b-adcc-e7107dac8530,LIFE CARE CENTER OF AUBURN,14 MASONIC CIRCLE,AUBURN,MA,015011341,42.181923125,-71.86839612499999,5088324800,0.0,4
7cb70963-6f86-3eab-a12b-88deb31de793,STERLING VILLAGE,18 DANA HILL ROAD,STERLING,MA,015642414,42.4106904,-71.7976286731579,9784225111,0.0,4
95f6c328-96dd-3fb8-a56e-9aad566094b4,EXCEL HOME CARE SERVICES INC,4 STONY HILL ROAD,WILBRAHAM,MA,010951027,42.1552861,-72.48384800788648,4135832005,0.0,2
f0214766-e2d0-3793-b2b6-4e1ea5df2a87,HOLYOKE RETIREMENT COMMUNITY  INC.,298 JARVIS AVE,HOLYOKE,MA,010401288,42.2087949,-72.6430892731527,4134472652,0.0,1
da2e8443-a0d6-3e87-b651-e2697615f4b5,NEWTON-WELLESLEY INTERNISTS  P.C.,2000 WASHINGTON ST,NEWTON,MA,024621624,42.332192250000006,-71.24597794166553,6179645020,0.0,22
035b7574-2fec-3922-8b57-2388164422e6,GREATER NEW BEDFORD COMMUNITY HEALTH CENTER INC,874 PURCHASE ST,NEW BEDFORD,MA,027406232,41.636177,-70.926054,5089926553,0.0,79
6d16a8e3-3569-38ab-afac-a2f8c1125085,BROOKHAVEN AT LEXINGTON,1010 WALTHAM STREET,LEXINGTON,MA,024218052,42.4139392,-71.22929265883278,7818639660,0.0,1
486bf543-9696-3d51-aa70-28a3044ce490,COMMUNITY HEALTH PROGRAMS INC,777 NORTH STREET,PITTSFIELD,MA,012014147,42.46054825,-73.24880457390918,4134998531,0.0,42
02d7b144-352f-3eac-97db-6fc4a95bf1fa,LASELL HOUSE,120 SEMINARY AVENUE,AUBURNDALE,MA,024662650,42.34002614299451,-71.24911543639162,6176637000,0.0,1
53f086de-2fc7-3d35-92c2-aca4ed944e7f,LAWRENCE GENERAL HOSPITAL,1 GENERAL ST,LAWRENCE,MA,018412961,42.7097143,-71.15007700778098,9786834000,0.0,42
c05d73d0-b348-32ce-9fe5-13a720950f37,URGENT HELP CHELMSFORD PC,45 DRUM HILL RD,CHELMSFORD,MA,018241503,42.6255635,-71.3615131,9784467515,0.0,1
ac0fde88-b0ad-3388-a4a8-b8fc2a4f4af2,NEW ENGLAND SINAI HOSPITAL,150 YORK STREET,STOUGHTON,MA,020729105,42.144646800000004,-71.09875876961266,7813644850,0.0,63
d70d47dc-b40c-3a04-8342-35cbfe716409,SENIOR HEALTHCARE ASSOCIATES INC,83 LITTLEFIELD RD,NEWTON,MA,024593010,42.3104327,-71.18883283411856,7816421859,0.0,31
0592d4e5-a0fb-3143-83cd-8e5a6b066a96,SOUTH SHORE PRIMARY AND URGENT CARE LLC,20 EAST ST,HANOVER,MA,023391638,42.1278249,-70.82664947485381,7815610460,0.0,187
c67ca7ed-4769-3b6c-a0a9-993f1227ff10,CAPE ANN MEDICAL CENTER LLC,1 BLACKBURN DR,GLOUCESTER,MA,019302237,42.6269312,-70.65555242413386,9782811500,0.0,55
6b9c5830-a278-38ff-887f-ccefd74cf8e8,SOUTHEAST HEALTH CARE CENTER,184 LINCOLN STREET,NORTH EASTON,MA,023561799,42.06665855,-71.11947646404934,5082387053,0.0,9
ba07b31b-bf14-39b8-be95-4c5ca5062daa,SPAULDING HOSPITAL FOR CONTINUING MED CARE-CAMB,1575 CAMBRIDGE ST,CAMBRIDGE,MA,021384308,42.375209549999994,-71.10711344152975,6178764344,0.0,256
064ba8c8-f6f7-3582-8f41-c963ceedfee4,BROCKTON VISITING NURSE ASSOCIATION,500 BELMONT STREET,BROCKTON,MA,023014985,42.07465845,-71.03975419622803,5088945256,0.0,3
6aae7a31-90df-3455-ad8d-81f8cf2d21e8,BROCKTON HOSPITAL  INC.,680 CENTRE ST,BROCKTON,MA,023023308,42.0872752,-70.9910738855076,5089417000,0.0,1146
