Id,ORGANIZATION,NAME,GENDER,SPECIALITY,ADDRESS,CITY,STATE,ZIP,LAT,LON,ENCOUNTERS,PROCEDURES
dc2dfaa3-b741-38b0-8c10-800caced3752,74ab949d-17ac-3309-83a0-13b4405c66aa,Gabriel934 Reilly981,F,GENERAL PRACTICE,881 Main Street,Fitchburg,MA,01420,42.586487,-71.80521,551,0
1b59e41c-bc66-3fe2-87e9-c8f05abb4885,faffaf6a-ee1a-3673-b0b0-421a9c249244,Gustavo235 Armstrong51,M,GENERAL PRACTICE,66 WASHINGTON ST,STOUGHTON,MA,020722571,42.14415820061801,-71.10378319512402,55,0
9581f7bf-5a20-3940-8cfa-ddcba0881ceb,e09d4c49-c2ef-3b0f-9a46-3719d9219306,Jules135 Emard19,M,GENERAL PRACTICE,60 HOSPITAL RD,LEOMINSTER,MA,014533290,42.54031915,-71.76312990486304,62,0
255bb8d0-ee88-3d36-aac3-057b34161ac4,77645e49-3f69-3d1d-bb93-dc65210e2fac,Jarvis643 Ankunding277,M,GENERAL PRACTICE,363 HIGHLAND AVE,FALL RIVER,MA,027205246,41.7093779,-71.1460783680883,16,0
7e0d16f8-d752-3e79-85f8-1719a535b23f,03d0392a-7361-32b3-81c9-8c8ac985be00,Cameron381 Daniel959,F,GENERAL PRACTICE,280 WASHINGTON ST STE 204,BROOKLINE,MA,024451922,42.33302785,-71.1193506756953,20,0
85dea07d-d9f2-34cc-bd45-397b64e0e1fb,2936ca90-6594-357d-be14-53fe0ab84dd1,Daniel959 Ankunding277,M,GENERAL PRACTICE,11 TREMONT ST,KINGSTON,MA,023641231,42.00823215,-70.72984043580247,76,0
6636c586-fe9b-32eb-8490-321404140258,42d4b607-f14d-370a-818e-40965685776c,Marchelle563 Hettinger594,F,GENERAL PRACTICE,3 WASHINGTON ST STE 220,NORTH EASTON,MA,023561034,42.0667665,-71.1036592,105,0
47d3fd4c-8807-3416-baf9-6d845275c2f4,ab701a70-a658-340e-8f69-ee196a7d40c6,Elisa944 Villegas15,F,GENERAL PRACTICE,484 RTE 134,WORCESTER,MA,016071728,42.2625621,-71.8018877,40,0
5c555260-d4d0-3adb-9db3-9a672b269436,11ba6a26-59b4-3728-a268-6dc9929962b4,Archie818 McCullough561,M,GENERAL PRACTICE,200 GOVERNORS AVENUE,MEDFORD,MA,021551644,42.42711615,-71.1121606632448,11,0
9d98e089-e46d-38f7-b302-cfad6b702c30,f736c0f5-6d39-3e26-8ac1-39e1fc60dfbe,Joe656 Jakubowski832,M,GENERAL PRACTICE,11 QUARRY HILL ROAD,LEE,MA,012389645,42.2816564,-73.25307843923315,23,0
29c6bd26-cbb5-35c2-bea5-bda6b4f802bf,52ecddd8-42f6-35cc-88a5-cf474c02fb49,Maxima831 Fahey393,F,GENERAL PRACTICE,94 OBERY STREET,PLYMOUTH,MA,023602130,41.93725,-70.65503160208334,45,0
b6c7116e-25f9-3517-bfcd-afcbf0f5da4e,3f4167a5-1477-35da-a456-fc05c8858aa7,Chance908 Bednar518,M,GENERAL PRACTICE,244 MAIN STREET ANNEX,WORCESTER,MA,016023339,42.2625621,-71.8018877,30,0
c797b475-ee4a-3d89-b853-389a8204da26,75f0d4cd-dbbb-3037-b6ad-2e99665728c7,Kim439 Friesen796,M,GENERAL PRACTICE,70 FULTON ST,BOSTON,MA,021091402,42.362439499999994,-71.05377386223965,30,0
6897046c-0bd6-3758-98cc-93a09deb11c3,667b46fe-0afa-3f70-a311-bbe3d52db050,Maricarmen445 Caballero789,F,GENERAL PRACTICE,757 BOSTON POST RD,WORCESTER,MA,016071728,42.231371,-72.165386,1,0
0b71ac53-5ef0-309e-92f5-10a87ba5450c,0ff7cb48-0c93-31cf-9442-0b034084d588,Rodrick370 Kreiger457,M,GENERAL PRACTICE,2 BEAUMONT AVE,BROCKTON,MA,023023302,42.0835203,-70.98856021035954,2,0
611cf7d3-e963-30e5-b3f5-8720ebd85759,a4af40b8-0ddb-34bb-ae4a-95a17e9ad6f3,Tambra47 Heaney114,F,GENERAL PRACTICE,100 MYLES STANDISH BOULEVARD  SUITE 103,TAUNTON,MA,027807340,41.948930849999996,-71.14141318475193,104,0
da4657af-a85f-3189-8f44-51ea5ea4174a,775df862-d2d1-3a68-9814-043f6aa6ea66,Rueben647 Barrows492,M,GENERAL PRACTICE,770 CONVERSE ST,LONGMEADOW,MA,011061719,42.0639853,-72.5521444,1,0
28b8e204-16c7-3aa4-8aac-d5743ee6c38a,fe675917-7b09-3afd-a6e6-128cc4de4734,Chery887 Kohler843,F,GENERAL PRACTICE,319A ALLSTON STREET,BRIGHTON,MA,021357652,42.345093,-71.139804,1,0
cdec157d-8ee4-3b0f-8cef-031dca68dcf2,5d4da50c-8593-304f-b266-57d8f7d634a2,Hugh686 Klein929,M,GENERAL PRACTICE,250 SHEARER ST,PALMER,MA,010691428,42.168634600000004,-72.33353526811578,2,0
50124f1a-e6b7-32df-86ca-7c38840f4346,8f0ec876-22d3-3986-892e-4c2052d0fffa,Edwardo860 Harris789,M,GENERAL PRACTICE,94 SUMMER ST,FITCHBURG,MA,014205761,42.57835885,-71.78584786190521,2,0
755fe8e5-60b9-30ff-b2f3-73e62f108684,5fcff9db-16e4-3e56-aa78-abbc16338097,Margene509 Schamberger479,F,GENERAL PRACTICE,295 VARNUM AVE,WESTFORD,MA,018863513,42.5792583,-71.4378411,176,0
793773ae-8bd7-302e-9143-3dbf00ead751,84abfbd5-41c1-3df4-9b31-7ca93cb2309a,Jean712 Block661,F,GENERAL PRACTICE,85 HERRICK ST,BEVERLY,MA,019151790,42.56415055,-70.8751357650672,30,0
1ac3da31-3f5a-39a8-ba44-485a6290b79d,1ddd51d1-7297-3c3b-bad5-98aecd5e4a79,Derrick232 Kub800,M,GENERAL PRACTICE,127 CAMBRIDGE STREET  SUTIE #2B,BURLINGTON,MA,018033735,42.50188325,-71.19559351572005,11,0
b419fb1e-fe82-3ffd-9c9d-c49348f5eff2,4cb90b5f-734d-322f-a2f2-776824e1ce35,Irvin970 Emard19,M,GENERAL PRACTICE,770 CONVERSE STREET,LONGMEADOW,MA,011061719,42.0639853,-72.5521444,2,0
68ffde12-f323-3813-96d3-020c8f2946cb,f6a306cf-7bd6-35f4-a6b7-2d07d273914c,Ramiro608 Tirado305,M,GENERAL PRACTICE,63 FOUNTAIN ST STE 402,FRAMINGHAM,MA,017026280,42.27595495,-71.42631150114194,38,0
2ba6e2cb-ce84-3ea8-ba7a-75ff606e469f,32fcdfba-8c93-30f4-b15b-dd3b65c29deb,Jody426 Bernhard322,M,GENERAL PRACTICE,20 NORTH MAPLE STREET,HADLEY,MA,010359715,42.3615107,-72.55261320852942,2,0
2ab98c81-2e34-3292-a28c-07b99f9d667f,02c936e2-3aee-38b2-88a4-81f3689b7bb7,Royce974 Kohler843,F,GENERAL PRACTICE,120 FISHER AVENUE,BOSTON,MA,021203320,42.3276141,-71.1051603,1,0
d4813a08-8c7a-3aae-9e1d-ab7f658beef0,609ec9f1-e806-3427-b912-9e3b2915521d,Cherrie404 Conn188,F,GENERAL PRACTICE,575 BEECH STREET,HOLYOKE,MA,010406604,42.20105435,-72.628169560868,5,0
8877806c-a27e-3151-bf6b-cdb5608d957f,e93b27a8-6507-3595-84a5-f899ce23a72d,Faustino767 Sanford861,M,GENERAL PRACTICE,70 EAST STREET,NORTH ANDOVER,MA,018456144,42.6839894,-71.1127065,15,0
f0f67ff1-6d23-3283-b967-37cad19af507,7b9a19b2-d900-3f93-a47b-4b88491fb57b,Tommy814 Witting912,F,GENERAL PRACTICE,308 KINGSTOWN WAY,DUXBURY,MA,023324647,42.030389650000004,-70.73959947632582,6,0
f9afa5ad-675a-3144-9e16-997b89aac85b,ede4a423-6258-3ef5-b5ba-0fa6bb579563,Rodrigo242 Ureña88,M,GENERAL PRACTICE,326 NICHOLS ROAD,FITCHBURG,MA,014205478,42.5974358,-71.80761197366103,7,0
2c0a7bf7-6583-377b-94ee-dd3068a51ce1,a14e698d-a9ba-3eae-9c8b-682ec726433d,Karla801 Cummerata161,F,GENERAL PRACTICE,776 WESTERN AVE,LYNN,MA,019052408,42.466763,-70.9494939,8,0
487b0cd2-d679-36b1-a8aa-8d96f036c8dc,dd9914b0-9491-3330-a890-d34e95e497ea,Taylor21 Haley279,M,GENERAL PRACTICE,1061 PLEASANT ST,NEW BEDFORD,MA,027406728,41.64280275,-70.92865004309593,47,0
0516dde8-9a15-3d48-bb5c-68d25c0af6be,d4b9a3f0-210d-3e46-a2c7-e099658ac543,Ferdinand55 Moen819,M,GENERAL PRACTICE,7000 GREAT MEADOW ROAD,DEDHAM,MA,020264090,42.266408549999994,-71.19518435636284,1,0
4c2fb161-3bf6-3e09-9b0c-5ff5b3543135,7f26da64-69ab-3db4-b285-c48c9836a653,Lupe126 Hansen121,M,GENERAL PRACTICE,500 WENTWORTH AVE,LOWELL,MA,018524937,42.631409,-71.283668,2,0
8c1ba51c-3804-3e94-946b-31f275746974,4c1a8ea6-b690-3c28-a02e-ebd82190ee65,Marcos263 Cronin387,M,GENERAL PRACTICE,885 WASHINGTON ST,BOSTON,MA,021111415,42.3479909,-71.064924,8,0
7bfc92e7-5e39-3390-9b06-741d22e3b5de,5ba6765a-f335-36b0-9c6a-6bb494c5330d,Sasha806 Schamberger479,F,GENERAL PRACTICE,31 OLD ROUTE 7,WESTWOOD,MA,020902333,42.2139873,-71.2244987,1,0
55e7ac4e-29b3-3f76-9f0a-52989fb865de,b6eeaaf7-1683-3bcb-b6ee-81ce304636ef,Ariane992 Pagac496,F,GENERAL PRACTICE,170 GOVERNORS AVE,MELROSE,MA,021763225,42.4564323,-71.064182,175,0
f3b971fd-6323-30af-85f0-bd1648efbd05,65eda534-1bdc-3192-8d02-1c3764447790,Alonso270 Hand679,M,GENERAL PRACTICE,1244 BOYLSTON ST,CHESTNUT HILL,MA,024672115,42.3214927,-71.1711481,47,0
4c3e4367-c71f-3b9b-bfc0-d71997d48ba7,d613e441-68e8-3502-8adb-3f770a1276bf,Colin861 Witting912,M,GENERAL PRACTICE,114 WATER ST,MILFORD,MA,017573007,42.13661855,-71.53474614336832,37,0
6243bad3-24c0-303b-9dca-76a69e5303ad,b03b624d-c939-3688-986d-9555b8009a3b,Bennett146 Hartmann983,M,GENERAL PRACTICE,230 MAPLE ST,HOLYOKE,MA,010405144,42.207406,-72.608419,45,0
b8ffbda5-c544-34ef-baf3-bd1f7f061ed9,18061fd5-fda8-3e2d-87f0-0f3c87211bcc,Omer483 Koepp521,M,GENERAL PRACTICE,1493 CAMBRIDGE ST,SOMERVILLE,MA,021431408,42.3875968,-71.0994968,39,0
dc20f7e5-621f-3b4c-a8e2-d94a44481453,1faab3d1-2ae5-3110-8e5f-c65b92ca906d,Ernesto186 Méndez913,M,GENERAL PRACTICE,29 LEWIS AVE,GREAT BARRINGTON,MA,012301713,42.19093125,-73.3715000043024,8,0
c1c55926-8c5c-3ab9-baff-7cc138ba0833,b3ada130-6443-3a8e-98c7-4ec127a2b0c4,Ned189 Haley279,M,GENERAL PRACTICE,ONE GREAT ROAD,ACTON,MA,017205601,42.4850931,-71.43284,8,0
54dba652-77c8-3f88-9d58-40a86e3a680d,7489f6e0-fee6-3fff-90b6-444868eb907c,Kasey569 Rau926,M,GENERAL PRACTICE,1 KIDDIE DRIVE  SUITE 106,AVON,MA,023221182,42.130150349999994,-71.05720685110387,3,0
cbdf7f1b-4ace-36b0-8499-f4d4ac747d00,6cf8a214-8d57-3267-85e5-7719e15cd63e,Michel472 Zulauf375,M,GENERAL PRACTICE,170 MORTON STREET,JAMAICA PLAIN,MA,021303735,42.299067750000006,-71.10124351911541,160,0
4d8b71a1-8acc-3463-abe5-f3e4e1547654,b4e81d20-a3d6-39db-8b04-bcc4ab5de7b2,Warren653 Flatley871,M,GENERAL PRACTICE,354 WAVERLY ST,FRAMINGHAM,MA,017027079,42.276938650000005,-71.41386787587439,28,0
cccc64b0-0000-376d-b582-0810a39d4479,0fedae9f-701f-3317-9b2f-69aea2202cdc,Willian804 Batz141,M,GENERAL PRACTICE,88 EAST NEWTON STREET,WINTHROP,MA,021522715,42.3750976,-70.982827,86,0
b5acb61e-6763-395a-9a1e-6328a9ca016d,86bbc3aa-e927-3d56-9d77-ab701b4b2926,Lucien408 Howe413,M,GENERAL PRACTICE,538 ROBESON STREET,FALL RIVER,MA,027205496,41.707225,-71.1432141111111,1,0
cd87b135-ec51-3837-a9eb-3929505f2db0,4b7c1695-a178-3e03-8651-51acfd3b8372,Jesusita936 O'Keefe54,F,GENERAL PRACTICE,600 OLD SOMERSET AVE,NORTH DIGHTON,MA,027641824,41.86399,-71.1244904,24,0
f500de5f-8cc2-38a3-9785-03bf3dbffbc1,aade280a-3b90-3e48-9648-91109a964a63,Josef103 Klein929,M,GENERAL PRACTICE,909 SUMNER ST,DARTMOUTH,MA,027473826,41.6332267,-70.9879928,305,0
bfe102ac-af1f-3a05-a85c-eb78b96c97e6,18764c6a-31fe-391c-80ac-6a5b761e06d6,Eleonor544 Doyle959,F,GENERAL PRACTICE,19 OBERY ST,PLYMOUTH,MA,023602129,41.94456995,-70.64966444737888,2,0
77eb3172-a72e-384f-948c-cccd9281a0b4,e59fb2d5-508c-38c6-af2e-21d8216dd2b0,Nicholle822 Fisher429,F,GENERAL PRACTICE,759 CHESTNUT ST,WARE,MA,010821625,42.256476,-72.237482,95,0
98a81dce-d57b-3bbc-8790-e5fda6ff18d7,794b1cc2-97be-30a4-83a0-4bf6add43c74,Lillia547 Gutmann970,F,GENERAL PRACTICE,215 THATCHER STREET,BROCKTON,MA,023023949,42.0740963,-70.99660306096918,30,0
99c8f9c5-249f-3439-ba41-19cfd240f05f,440fa4b8-c731-3cf5-81d9-aa3f30a37b95,Joanna347 Abbott774,F,GENERAL PRACTICE,41 & 45 MALL ROAD,PEABODY,MA,019602901,42.5278731,-70.9286609,21,0
40b794e7-f43a-3bc4-99db-a799a5052f1a,a1434ca1-a1ac-3884-abc7-fc4c35cc8b68,Guillermo498 Dietrich576,M,GENERAL PRACTICE,390 ORLEANS ROAD,NORTH CHATHAM,MA,026501154,41.700306363636365,-69.96549390909091,6,0
954e1126-6260-3063-a9e4-1647850b29b6,0fab3c4e-a028-39a6-b15a-be5a88b6aa2a,Miyoko154 Paucek755,F,GENERAL PRACTICE,222 STATE STREET,LUDLOW,MA,010563437,42.15547415,-72.47222226666076,14,0
adb12ebf-3f03-333d-ad5d-4195fcd3ea34,ce53c877-0290-390a-b4b4-2462001a1713,Greg949 Hilll811,M,GENERAL PRACTICE,847 ROGERS STREET  SUITE 201,LOWELL,MA,018524345,42.6275246,-71.27673639687623,5,0
c3892736-d750-3a7e-900b-8498cc329c68,e9a24be5-b0a3-3fd2-a606-dd13498024ea,Darwin703 O'Hara248,M,GENERAL PRACTICE,85 E MAIN ST STE A,NORTON,MA,027662307,41.971697,-71.17689334021827,181,0
0a420855-6c7a-3047-ab19-26dbfe1b1bfd,00ffb204-07b4-3c72-a678-fa252e6cf86c,Kathlene786 Satterfield305,F,GENERAL PRACTICE,450 BEDFORD ST,LEXINGTON,MA,02420,42.47370735,-71.25090005,74,0
c10f9a14-df76-309f-96c9-6d15252ea1bc,b8421363-9807-3b16-a146-95336eea5cfb,Saundra460 Kuphal363,F,GENERAL PRACTICE,30 LOCUST ST,NORTHAMPTON,MA,010602052,42.33032115,-72.65330802608176,43,0
e7f3ac3f-7c73-30bc-ad32-25baae28e567,3498e7d3-90fd-366b-bc6a-6f41dad6bae6,Olympia319 Bradtke547,F,GENERAL PRACTICE,112 WEST MAIN STREET,NORTHBOROUGH,MA,015321824,42.318559050000005,-71.65097281611972,8,0
639d1f30-f85a-32b2-b2a0-a37f95de40f2,24460683-f514-37ef-98c1-724b2fc9aa2a,Dale454 Wilderman619,M,GENERAL PRACTICE,60 HODGES AVE,TAUNTON,MA,027803034,41.91158935,-71.10129620180315,744,0
a1d0020c-792d-3aba-a37b-64378915d73d,f964d209-adbb-3f11-80ce-5687e587363a,Kaycee352 Roberts511,F,GENERAL PRACTICE,155 MAPLE ST,SPRINGFIELD,MA,011051828,42.1004364,-72.57897095,30,0
5c8f4275-ef1d-39f7-a567-9218b2066833,e6cc6043-299a-3581-8f6b-b3b5d62c46ae,Ellen406 Farrell962,F,GENERAL PRACTICE,532 SUMNER AVE,SPRINGFIELD,MA,011082458,42.08631583333334,-72.55792579166666,36,0
25db243f-c94b-300d-bcbd-218300242e13,b9e35b8a-9831-32d8-a6dc-d7a546c126b0,Domenic627 Blick895,M,GENERAL PRACTICE,111 HUNTOON MEMORIAL HIGHWAY  1ST FLOOR,SPRINGFIELD,MA,011092550,42.1018764,-72.5886727,239,0
a02fcd0f-917b-3df5-8efc-8b60e0d60c59,70d5bbef-3c05-3318-b9d7-003dc8fbb8cf,Wilfredo622 Little434,M,GENERAL PRACTICE,33 SUMMER ST,TAUNTON,MA,027803479,41.9005416,-71.08895606814966,1,0
0dfd605f-8889-39b2-ac76-3eed19db77ad,46a09a29-4bda-3572-89dd-5def154669ed,Julian715 Kiehn525,M,GENERAL PRACTICE,4901 N MAIN ST,FALL RIVER,MA,027202080,41.758923100000004,-71.11356439219409,1,0
96cedf22-8b65-3820-835f-c2baeb43b7ff,e1818b21-4458-3b9c-b2b8-7ed6f57ae078,Sid118 Wilderman619,M,GENERAL PRACTICE,2399 BOSTON ROAD,WILBRAHAM,MA,010951185,42.14668485,-72.45048427046072,19,0
1ba162b0-ed1d-3252-be5d-abcedbe4b868,328f813e-4de8-3ec2-a113-43f3ddfb0b2a,Victoria535 Roob72,F,GENERAL PRACTICE,30-40 WESTPARK STREET,BROCKTON,MA,023015241,42.0834335,-71.0183787,155,0
96285543-d0f7-3d06-a5e4-1017ce0f5738,d6600c68-8a26-3a88-86e2-99517365c10a,Jerald662 Wolf938,M,GENERAL PRACTICE,175 Elm Street,New Bedford,MA,02740,41.635937,-70.92991,108,0
285663a4-317c-37f2-bc06-6fc7ba6e4797,36d96ba1-1b43-3fda-b4b0-84205d5b3a16,Kurtis994 O'Conner199,M,GENERAL PRACTICE,10 BELLAMY ST,BRIGHTON,MA,021351502,42.354847649999996,-71.16853348093532,1,0
2e7fd450-ba02-3af5-a53a-efb34152d944,2e8b42f8-4300-30a9-a576-d513d1021a0a,Beverlee316 Haag279,F,GENERAL PRACTICE,600 CLARK RD,TEWKSBURY,MA,018761699,42.63120935,-71.27023603178071,43,0
7b13e6f3-35a5-384e-8bf4-c3e03f19ae65,5ba77f2c-8ce5-3dde-bb46-3ffcceb3bfbf,Cedric746 Quitzon246,M,GENERAL PRACTICE,188 FLORENCE ST,CHESTNUT HILL,MA,024672641,42.31835025,-71.17401686317635,2,0
ae2856d8-df62-382b-bddf-cc0bddd2e904,d140ed3f-2696-3e78-bd77-1c959ec4fc4d,Orpha286 Marks830,F,GENERAL PRACTICE,863 HATHAWAY ROAD,NEW BEDFORD,MA,027401916,41.6512968,-70.9669902070805,5,0
047a5baa-86f9-34fc-bf29-f6b6a970edd5,1cff30ba-b91f-3ea2-b80b-770d67856358,Duncan491 Halvorson124,M,GENERAL PRACTICE,359 JONES RD,FALMOUTH,MA,025403341,41.5591273,-70.60352436630029,10,0
9cbf3ee3-b992-3021-b4dd-b84b755b9edf,4ff8b164-4cf5-3ab4-b0f2-7ce8fda920e5,Latrisha74 Mante251,F,GENERAL PRACTICE,800 WASHINGTON ST,WORCESTER,MA,016550002,42.180483,-71.867782,48,0
e23a3048-42b2-31e4-8242-5376f5e1546e,bccd7d67-203c-3d93-b6b0-bff5a146cd1d,Paulene52 Kihn564,F,GENERAL PRACTICE,286 WASHINGTON ST,STOUGHTON,MA,020721763,42.1384306,-71.1022598,52,0
17367504-8b2d-3b09-bac8-e2b85183e30a,63cb4d95-04a9-3a35-b5d9-f89e0377a48d,Thanh759 Weber641,M,GENERAL PRACTICE,211 PARK ST,ATTLEBORO,MA,027033143,41.9419187,-71.2752081695297,72,0
c0afc3bb-6780-3117-9a56-64617fbeec03,6e290541-eba3-37fc-a3e2-e58f77e84c7e,Christeen33 Toy286,F,GENERAL PRACTICE,15 LENOX ST.,SPRINGFIELD,MA,011083122,42.085779,-72.55846414285715,18,0
f8390d15-c36f-368d-bb77-7c8c22ad71a1,263d1b03-1560-3fc3-b93d-c33a0cbd5837,Clemente531 Treutel973,M,GENERAL PRACTICE,10 RIVERSIDE DRIVE  STE 201,LAKEVILLE,MA,023471689,41.8771119,-70.92344635,2,0
2f834442-bed7-3f25-90c9-3c56cd89965f,a2a41caf-758f-3962-8e5f-e6e603f93d17,Noelle559 Padberg411,F,GENERAL PRACTICE,111 HUNTOON MEMORIAL HWY,ROCHDALE,MA,015421305,42.2020225,-71.89891616754682,105,0
b12bc763-8ff4-34cb-95ea-c46a8c95d044,8ae6a210-708f-3b23-b7d3-ac7948abd2b0,Alden634 Dare640,M,GENERAL PRACTICE,631 LINCOLN ST,WORCESTER,MA,016052010,42.2975664,-71.76536802164628,60,0
bc77404c-5deb-3b75-bcad-6fab81288b54,db28cc9a-fdfb-35a6-aef7-ab9b933ef244,Judy192 Gleason633,F,GENERAL PRACTICE,8 DANA STREET,CAMBRIDGE,MA,021385402,42.3694992,-71.11011030010101,52,0
b9ffed0e-f3e8-3bb7-bb20-0fb3dad1c514,19a65317-5d32-355e-8f82-88933d48366d,Wes853 King743,M,GENERAL PRACTICE,5 PRECINCT ST,LAKEVILLE,MA,023471468,41.8455651,-70.95195924208448,28,0
b042dc96-b9c3-361b-9de9-431dbb8b5fef,756ed90d-15f4-377d-b99f-ca1de5633481,Conchita9 Mesa630,F,GENERAL PRACTICE,115 HOLLISTON ST,MEDWAY,MA,020531954,42.158983899999996,-71.41067830029175,1,0
e6ea0957-928d-3cfc-a41f-2725e99b9fe7,9d0e702d-50a0-3f4c-9126-0951d560fd4b,Hellen346 Roberts511,F,GENERAL PRACTICE,189 MAY ST,WORCESTER,MA,016024339,42.25986305,-71.83597786023279,389,0
7537c75b-82d7-3daf-b5fd-76b8af9580d2,c7542447-e06e-32cb-b6db-243c23a0dbc2,José Emilio366 Leyva523,M,GENERAL PRACTICE,30 WARREN ST,BOSTON,MA,021353602,42.3501483,-71.14393324457691,108,0
3de8998d-0d2e-3028-9b2e-1403262f8bbd,d9fe2c9c-135e-3da3-8de8-1a0ff165d886,Eldridge510 Marquardt819,M,GENERAL PRACTICE,1430 MAIN ST,WORCESTER,MA,016091121,42.2492003,-71.92931780325071,29,0
e5ac6b9d-eb59-3bd0-9fa5-064b38446c3a,8bf5325a-c11b-35c4-b07d-17a5aeba8353,Rueben647 Okuneva707,M,GENERAL PRACTICE,815 WORCESTER STREET,SPRINGFIELD,MA,011511001,42.1018764,-72.5886727,5,0
a46d9260-5987-3b46-b662-d27759be4cbf,621bd7b5-3f4c-3555-8daa-f1216e352f33,Lashawnda573 Williamson769,F,GENERAL PRACTICE,34 AGASSIZ AVE,BELMONT,MA,024785023,42.38815185,-71.19406248191802,1,0
ae75eaf4-a90b-3ac3-b376-447637dc18da,46375470-1e20-3ddc-8dc5-010ba53826b6,Jude172 Reynolds644,M,GENERAL PRACTICE,40 WRIGHT ST,PALMER,MA,010691138,42.16934095,-72.34120457065711,315,0
64ecc00b-2805-3682-b331-46de48ba2383,9d2a1656-0f4d-30d1-bc63-eb365a05529c,Maynard46 Ward668,M,GENERAL PRACTICE,235 N PEARL ST,BROCKTON,MA,023011794,42.09805395,-71.0609587194362,86,0
2a02c92c-9927-3e2c-8d9f-5e56d2159102,aba3e6f6-4562-342e-b90f-dd61b117f394,Maryjane289 White193,F,GENERAL PRACTICE,438 CHESTNUT STREET,SPRINGFIELD,MA,011072008,42.11291091861002,-72.59692685125127,2,0
c1764470-1078-361a-a9e9-93ca67a60cd0,72f50aa0-d8c9-34dc-ac58-c428323f3bcd,Ricky354 Little434,M,GENERAL PRACTICE,55 FRUIT ST,BOSTON,MA,021142696,42.36286045,-71.06875296664998,50,0
864f12ba-be67-353b-8983-81686afd5f98,be509ccb-bfb7-3b87-8945-8426b689ef9d,Man114 Balistreri607,M,GENERAL PRACTICE,2049 DORCHESTER AVENUE,BOSTON,MA,021244742,42.3554334,-71.060511,22,0
837746ad-0297-3cfc-b9c6-2066511ca342,a06b1a97-d6ce-3ea1-ba4a-2ef85a8114ab,Kyle55 Goyette777,M,GENERAL PRACTICE,400 GROTON ROAD,AYER,MA,014321171,42.57821195,-71.5733060441645,12,0
0cbde57a-1649-3793-9467-d3623fd0d412,73c7eaf8-f8b3-383f-b3e1-4d8ff5ca255d,Nicki254 Bartell116,F,GENERAL PRACTICE,161 FALMOUTH RD,MASHPEE,MA,026492662,41.6314877,-70.46769809885944,3,0
1cd4693b-eb5a-3855-96d9-bfacd7a022e9,9fbf3c5e-5f22-3b9f-9032-39d6de320874,Delois358 Langosh790,F,GENERAL PRACTICE,150 FLANDERS RD,WESTBOROUGH,MA,015811017,42.2770724,-71.5679154706427,8,0
dd54b118-2ea1-32cb-b1d8-a840bc61dfbb,f8918a95-31e8-3ac4-8d12-29ca6080ebda,Rudolf736 Vandervort697,M,GENERAL PRACTICE,199 REEDSDALE RD,MILTON,MA,021863926,42.251368299999996,-71.0768393856917,59,0
bfb5e1e6-e15d-3ecc-b752-76b2bfb4e0b5,8d5880eb-1dd8-31ea-b7c5-21709f3bb341,Nicholle822 Satterfield305,F,GENERAL PRACTICE,50 ROWE ST,MELROSE,MA,021763201,42.4592093,-71.06078096379728,56,0
7b0493db-b71f-3f81-b7c6-b58568e091e3,3ff0f58b-7a1f-3334-9449-ff15f68b7d86,Crystle668 McCullough561,F,GENERAL PRACTICE,275 SANDWICH ST,PLYMOUTH,MA,023607761,41.94186605,-70.6455366462985,1358,0
4a813be5-479f-3b05-833e-cf1fcb9fb3ad,70e3ad4f-b9ff-3f3e-9990-2cd7e23a9d1c,Tambra47 Bosco882,F,GENERAL PRACTICE,1238 RIVERDALE ST,WEST SPRINGFIELD,MA,010894675,42.1373438,-72.62624707492338,3,0
843debfa-ce72-34bd-8fec-d8c93894ab43,dbe1e521-57da-3855-9aa0-aabadbd17e32,Joline447 Stark857,F,GENERAL PRACTICE,454 WASHINGTON ST,NORWELL,MA,020612050,42.1592792,-70.85480698781902,5,0
b16caf92-6d71-3e4e-9924-cceb8d5dacb4,8ddbad9e-b5fc-3895-8a1c-17f32197a865,Barrie587 Nicolas769,F,GENERAL PRACTICE,1455 MAIN STREET,CHATHAM,MA,026332083,41.6827332,-69.98755685244114,11,0
814f717c-686f-3001-93ed-68ee9c5694ad,dd280187-8662-3732-af81-595d10572911,Mertie42 Lakin515,F,GENERAL PRACTICE,4499 ACUSHNET AVE,NEW BEDFORD,MA,027454707,41.74026055,-70.9450945705336,86,0
512ef116-70b7-35b9-a8ac-7e9aed59446f,dae3ee01-f383-366e-9ad6-dc92963064ea,Kristin64 Will178,F,GENERAL PRACTICE,1233 MAIN ST,HOLYOKE,MA,010405381,42.16578055,-72.63389634691956,23,0
1bee9b6d-7a9a-38e2-be59-15c4b28d229d,2c708a72-2e25-36a1-8209-d2a708874eff,Kyoko885 Strosin214,F,GENERAL PRACTICE,1324 BELMONT STREET #202,BROCKTON,MA,023014435,42.057156895761736,-71.06994368825448,33,0
6cde4386-db18-39c5-8414-af13485a3a79,dac75bc1-cbfa-306b-9a0a-88d5edf3638d,Claudia969 Gallegos952,F,GENERAL PRACTICE,170 COREY ROAD,BRIGHTON,MA,021358244,42.3433093,-71.14003855124017,6,0
0c25ffcd-c1cb-3e0f-9a25-e0a617bbf8d9,089bceb2-0ecb-3650-95e9-e7260248b809,Donny470 Reynolds644,M,GENERAL PRACTICE,50 W MAIN ST,HOPKINTON,MA,017481672,42.22029125,-71.53814854921914,22,0
9f8d62a1-290f-3b94-ad93-155fbc4bc943,f82ff162-c689-3682-876c-220cf96eb97b,Billy698 Schoen8,M,GENERAL PRACTICE,74 MAIN ST,FRAMINGHAM,MA,017022952,42.2976266,-71.42605348361442,37,0
617e05cc-552c-3c56-8df5-89ad62fc971b,9d989fcf-4ad9-3972-ada3-f275d967781e,Cristi782 Miller503,F,GENERAL PRACTICE,100 TER HEUN DR,SANDWICH,MA,025632377,41.7579043,-70.4968152,115,0
659e7c8b-fedc-3153-bd7a-9f78c444c474,87472bc2-7c23-37cc-8355-7f3e88614b6b,Leilani136 Kris249,F,GENERAL PRACTICE,305 MAPLE STREET,EAST LONGMEADOW,MA,010282765,42.059258494749486,-72.53388585052694,2,0
04b52479-d7b1-37f3-8aeb-06894e4485a0,542185c1-943a-30f4-aba0-0efaa92488a4,Wilbur107 Rau926,M,GENERAL PRACTICE,142 LAKE ST,ARLINGTON,MA,024764738,42.40328885,-71.15140830652837,31,0
47e33493-46d7-3145-9e81-b43c935aa45e,a2cc09de-c1e2-3126-8c09-d49f95225281,María Eugenia578 Godoy454,F,GENERAL PRACTICE,300 LONGWOOD AVE,WALTHAM,MA,024532741,42.3756401,-71.2358004,17,0
a220b2c5-37e5-3021-aefd-aaf646c84932,9f2f60a6-87a4-3f45-b753-b63b5b7e9993,Maricruz991 Considine820,F,GENERAL PRACTICE,332 HANOVER STREET,BOSTON,MA,021131901,42.3647421,-71.0536619,34,0
2fb4b9ef-c159-3ba5-81e0-b619f6e720be,44cb1162-a345-3477-8723-c202a3c8cdcd,Jamey282 Graham902,M,GENERAL PRACTICE,73 W MAIN ST,HOPKINTON,MA,017481619,42.21799145,-71.54005509979045,102,0
1e76cddd-19ac-33fa-8453-0dd9cf76bf91,c5306a86-09a1-32d9-875a-67ef56e131c0,Maragret485 Gutkowski940,F,GENERAL PRACTICE,242 SUTTON ST,NORTH ANDOVER,MA,018451631,42.70773345,-71.1300651,29,0
9d876f73-d9eb-3379-aa12-707e61e33457,f341c366-8313-3790-ab26-d8d27b116ff5,Odell776 Greenholt190,F,GENERAL PRACTICE,80 LINCOLN STREET,WALTHAM,MA,024535465,42.39322121170625,-71.24104146434591,28,0
69911b6f-5f9b-3daa-b823-906ac601f3d5,a730c5e6-a15f-3e36-8112-8579e507d330,Drew592 Ankunding277,M,GENERAL PRACTICE,28 LORD RD,MARLBOROUGH,MA,017524549,42.34718040987546,-71.57283065352654,38,0
78142a20-b1b6-349e-b74c-016d9c255d5e,ce4d0501-49eb-396a-bc56-545fdfc624b0,Mauricio81 Daniel959,M,GENERAL PRACTICE,1 HOSPITAL RD,OAK BLUFFS,MA,025571406,41.46063105,-70.57989080295974,105,0
3e492a72-62a1-3eb7-9210-a382340278a9,70e943de-a18b-3e03-a204-ecca2f01b6d1,Joshua658 Wolf938,M,GENERAL PRACTICE,76 NORTH MAIN STREET,WEST BOYLSTON,MA,015831130,42.393642299999996,-71.79207534741954,17,0
c83cbc68-1fd7-3977-91de-a2fe05b87438,e69e7cbb-8362-30d1-83f2-3a0c492fe2b1,Rocio28 Yáñez198,F,GENERAL PRACTICE,110 LONG POND RD,PLYMOUTH,MA,023602642,41.9255829,-70.65514326847389,247,0
619fc2da-d948-380c-b105-b55320aa21b7,d13ac855-c068-3b57-8d65-fc3c90f32558,Dorsey40 Orn563,M,GENERAL PRACTICE,383 SOUTH ORLEANS ROAD,BREWSTER,MA,026312870,41.738964949999996,-70.00124453922743,3,0
93af103a-7a32-3f22-902b-caa41e6dab82,afc661fd-71d9-3fc3-adf2-3fc3b5e8a140,Hyman89 Schmeler639,M,GENERAL PRACTICE,680 CENTRE ST,RAYNHAM,MA,02767,41.9487118,-71.0731008,19,0
0806f5a6-07f3-3bbe-9cb9-f58f9e561e7b,06cc2462-430f-3322-9c87-7e971125f510,Bryon392 Mann644,M,GENERAL PRACTICE,133 OLD ROAD TO 9 ACRE COR,WESTFORD,MA,018863198,42.5792583,-71.4378411,41,0
11538a05-6e8c-3a0d-ab9d-2fe967dcb4fc,dd456e39-9f82-303b-9c3f-5db0e82a437e,Gerardo48 Conn188,M,GENERAL PRACTICE,26 QUEEN ST,WORCESTER,MA,016102473,42.25930925,-71.81494729825698,1,0
c6077c0c-cfaa-35f7-b8f5-76717cd56440,759de184-595f-3131-ba20-6a412553496d,Marco578 Pacocha935,M,GENERAL PRACTICE,49 THOMAS PATTEN DR,RANDOLPH,MA,023683901,42.1594587,-71.06112167252701,1,0
2aa9438b-18f4-3990-a569-415ec4117369,db106514-f254-3402-b6a4-6d210c78c7e2,Morris740 Runolfsdottir785,M,GENERAL PRACTICE,211 FRANKLIN STREET,QUINCY,MA,021697833,42.23691085,-71.00237199954586,9,0
fd1840e5-9b36-30f2-a6cd-5c5a8785ce07,ee7fab6f-6438-394f-b1f2-3e452f8f055a,Domonique463 Satterfield305,F,GENERAL PRACTICE,75 BRIMBAL AVENUE,BEVERLY,MA,019156009,42.570099299999995,-70.87108224250409,7,0
2426bdf3-4555-3fb1-a7ce-caa5d6e57e11,880fad59-9c38-3a21-a39f-ccc801502ab3,Halina47 Pollich983,F,GENERAL PRACTICE,799 CONCORD AVENUE,CAMBRIDGE,MA,021381048,42.390849395521705,-71.1556550001627,4,0
14cf5c9e-f9a1-3731-b8db-29e83a3b85b1,e34d8448-8b98-3f91-9fe7-faeb8a78e1db,Jill895 Monahan736,F,GENERAL PRACTICE,NEW ENGLAND SINAI HOSPITAL,MILTON,MA,021862377,42.2501425,-71.065573,60,0
2d4db6c6-8e77-32c0-ab8c-f7d78f5d06bc,10ffe7b1-2f94-3f12-9288-679da05a1ec9,Odessa199 Hintz995,F,GENERAL PRACTICE,133 LITTLETON RD,WESTFORD,MA,01886,42.57056335,-71.41736646422413,106,0
26bcf891-f3dd-322e-b33b-f62ce072c8b8,2b97893e-dc50-378b-a266-f089b8450329,Eva64 Tamayo777,F,GENERAL PRACTICE,250 MOUNT VERNON ST,DORCHESTER,MA,021253120,42.3194571,-71.04610844302991,29,0
2d98f1d6-973c-3d60-afb2-79c9364f5d17,d0894f6b-78d7-338d-82ad-b63de4d40014,Lynsey2 Lemke654,F,GENERAL PRACTICE,330 MOUNT AUBURN STREET,WALTHAM,MA,02452,42.3756401,-71.2358004,163,0
b90de016-4dde-3e43-8b2c-a8b985f46aa1,3d5fbf38-c781-3e04-8c7e-5a402611b7d4,Vito638 Barton704,M,GENERAL PRACTICE,260 ELM ST,SOMERVILLE,MA,021442951,42.3955992,-71.1227391,158,0
c7f574c1-200f-3520-8111-ac9a802a465b,2f67494e-f17e-3248-ba68-3ca42913cca1,Majorie11 Bergstrom287,F,GENERAL PRACTICE,184 MAIN STREET,FAIRHAVEN,MA,027193259,41.646106,-70.90865208079187,17,0
e55885d0-fadc-3863-a6f3-d455c6eb581c,fd938c9f-a355-3ec7-96f8-516240ea1ba2,Kandi717 Beahan375,F,GENERAL PRACTICE,529 MAIN ST STE 126,PLYMOUTH,MA,023604842,41.7664657,-70.7266525,1,0
c125b8ec-8f58-3996-a1d1-d186ba6921f1,edd58f69-ad5f-346b-b1f9-530ccdc895f6,Shawn523 Padberg411,F,GENERAL PRACTICE,52 CARPENTER ST,ATTLEBORO,MA,027032472,41.9369576,-71.27996091755344,63,0
b445447c-22d4-3473-afcc-d6c0598879ec,069b90f9-309b-35e4-b990-d1dbacb962cc,Leo278 Strosin214,F,GENERAL PRACTICE,36 LOWER WESTFIELD ROAD,HOLYOKE,MA,010402749,42.16975305,-72.63488031242107,2,0
cdd8825c-c8b6-314a-b68e-c83602444fde,90044527-f49c-3399-b978-7f64914e8f5e,Forest317 Hilll811,M,GENERAL PRACTICE,397 COUNTY STREET,NEW BEDFORD,MA,027404933,41.630275999999995,-70.92928239809834,2,0
5a04d417-0d6e-37e0-a9ed-2a3ce4c19701,936ceb96-2b12-371f-aa68-ee02a9c06f4c,Eddie505 Keeling57,F,GENERAL PRACTICE,225 BOSTON ST,LYNN,MA,019043124,42.470497449999996,-70.96003668151566,20,0
475ac52d-f1dd-3133-ae42-f1fd91e6e3c6,dfcd78f1-f67e-321d-84e3-f658c482c474,Sacha430 Wisoky380,F,GENERAL PRACTICE,64 WOODLANDS WAY,BREWSTER,MA,026312550,41.737807,-70.0036669,54,0
d7157e70-3f44-38aa-8145-13b3b5d1913e,d3fe08e0-6fdc-36bc-8f88-c8b7654cdcd8,Randal152 Paucek755,M,GENERAL PRACTICE,545 SW CUTOFF STE 9,WORCESTER,MA,016071766,42.211685200000005,-71.7968399931798,1,0
5e11b6d1-123b-33b0-b7d4-67a2c5d01770,7b7ce654-a413-37d1-9d34-97240c0ac580,Liberty95 Kihn564,F,GENERAL PRACTICE,1 WRENTHAM ST,BELLINGHAM,MA,020192532,42.025037350000005,-71.48945118224057,7,0
9cd946a4-f6dc-3032-b983-e2679a262929,7b20d1c4-c56b-3647-801c-5e4e13679073,Riley817 Prohaska837,M,GENERAL PRACTICE,275 SANDWICH ST,PLYMOUTH,MA,023602183,41.94186605,-70.6455366462985,2015,0
076eab92-0cdd-31f9-8c40-0f38bad5c3e9,281525ef-5743-34a8-9339-66c8b4be6668,Dane516 Crona259,M,GENERAL PRACTICE,555 PLANTATION STREET,WORCESTER,MA,016052376,42.2907683,-71.7649752,7,0
8c1e2531-40c0-3d13-a549-7e4ae7d21887,3e97ce4f-3ad7-3cea-883f-e2bb4ca89d83,Dan465 Swift555,F,GENERAL PRACTICE,30 NEW CROSSING RD,READING,MA,018673270,42.51809619399502,-71.0959083715027,40,0
7cef3dd4-b5df-3ad8-8489-dd54d9f08b21,c60fc3df-9dbd-3f31-a456-41c84490266f,Gustavo235 Maldonado119,M,GENERAL PRACTICE,146 MAC ARTHUR BOULEVARD,BOURNE,MA,025323902,41.7412166,-70.5989196,7,0
85949123-d4a4-38cd-a4a2-8e62538c6b15,c0132cf6-1703-3aad-89b4-cc2f2bbc123e,Neville893 Schoen8,M,GENERAL PRACTICE,66 NEWTON STREET,WALTHAM,MA,024536058,42.3746705,-71.22789736306842,1,0
910c5788-797c-35f9-a236-de2c23394ce2,c4e5b33c-17b8-3f51-a8ba-a327d54e642a,Alton320 Dibbert990,M,GENERAL PRACTICE,94 N ELM ST,WESTFIELD,MA,010852917,42.1322823,-72.7436679,28,0
6a5b8085-c03e-3ec4-b407-cd81700bd37f,79d49935-bcc0-36ca-920b-45365c367438,Sherita708 Hudson301,F,GENERAL PRACTICE,409 W BROADWAY,SOUTH BOSTON,MA,021272245,42.336831,-71.047958,12,0
ffec8225-9ef3-36de-b305-860eb8594de5,0f2c58ec-5323-3c0f-9bdf-af0df7eb2a2b,Mana631 Boehm581,F,GENERAL PRACTICE,130 DORCHESTER STREET,SOUTH BOSTON,MA,021272642,42.3334312,-71.0494949,20,0
61abc451-b608-35fa-a371-b9b55f50a602,680532c8-2661-3b39-875a-b6ec0746ccf5,Jolyn4 Dach178,F,GENERAL PRACTICE,30 ATHOL ST,ALLSTON,MA,021341124,42.36075595,-71.13397379082869,28,0
a9a07a7c-52f3-3ce1-8c30-c49ed8c5a445,51370692-6296-3150-8672-559fc73f964f,Jeromy156 Okuneva707,M,GENERAL PRACTICE,75 FRANCIS ST,WEST BRIDGEWATER,MA,023791542,42.0219112,-71.019004,40,0
0dc2a2ec-c0c2-3d4d-be34-346984e5ec62,2836d9ac-c6a6-39d1-8f13-fdf0fc8928f4,Carlton317 Koch169,M,GENERAL PRACTICE,365 EAST ST,TEWKSBURY,MA,018761950,42.6069472,-71.2180803,55,0
e249eb64-e391-3693-8932-49d5345aface,7dddc0c2-9f1d-3e4e-b2f2-fc7e6abbed31,Genevie117 Gibson10,F,GENERAL PRACTICE,160 MERRIMACK STREET  SUITE 1,METHUEN,MA,018446117,42.7334079,-71.13599310716302,3,0
e1c1ea92-20d0-39d1-93d7-495b5695c091,82c72223-f521-3a34-9b9b-4ff366365399,Margaret865 Reinger292,F,GENERAL PRACTICE,2100 DORCHESTER AVENUE,QUINCY,MA,021691870,42.2509914,-71.0037374,66,0
0838b04c-cc7d-35d9-9c64-54b1aa96ded2,719db77c-034f-3079-9b12-0d2ec2efeef9,Derick144 Murray856,M,GENERAL PRACTICE,1601 WASHINGTON ST,BOSTON,MA,021182006,42.3381394,-71.0748562,49,0
ad04fdff-38b0-3568-9182-d9c7a7d0d401,04b252db-4231-3cb5-963d-6f096fb4b97c,Horace32 Grady603,M,GENERAL PRACTICE,1177 PROVIDENCE HIGHWAY,NORWOOD,MA,020625019,42.194543,-71.1994976,5,0
71c08a88-1b00-3d62-bee5-1f981c34a9d4,83579123-f29c-39b8-9f5f-8f79e91683c7,Reggie481 Kassulke119,M,GENERAL PRACTICE,100 CENTURY DR,WORCESTER,MA,016061244,42.3138278,-71.7707002,122,0
85cce068-20c8-315f-a3c2-0a2fb2595fca,4fa8411f-42f8-3353-8947-bf15254c9dee,Lane844 Gutmann970,F,GENERAL PRACTICE,90 GREENWOOD STREET,WAKEFIELD,MA,018804039,42.476321150000004,-71.06922169005762,13,0
85cfa491-bdb0-31bc-840f-2bc4ed690731,ca7b6c37-ddf1-3aa2-8bc4-d96cf3fa2fe6,Jennefer743 Hagenes547,F,GENERAL PRACTICE,559 PLANTATION ST,WORCESTER,MA,016052350,42.291381799999996,-71.7630578363871,2,0
482a7f61-13b3-30cc-a0df-2d2c0e6886c1,1de7e7d9-9a7a-3a3f-bf4c-b4de450711f2,Vince741 Morissette863,M,GENERAL PRACTICE,198 LITTLETON RD,WESTFORD,MA,018863429,42.564282,-71.42620615382347,1,0
dd63d038-bab6-3105-9dc3-ebdd43c73786,7345a4c0-52c6-3da2-8aef-fccb8ad3e8c4,Rosalia943 Pedraza69,F,GENERAL PRACTICE,114 TURNPIKE RD STE 206,WESTBOROUGH,MA,015812800,42.28414835,-71.60433295499837,1,0
d63e3d2d-4de6-3705-bc13-1a171a0643e6,497f39dd-280e-3d58-af5b-c5e3a3a09b10,Randy380 Bergstrom287,F,GENERAL PRACTICE,27 PARK ST,HYANNIS,MA,026015230,41.65363635,-70.27352219234834,378,0
2e98eb87-e285-309a-832c-a0684b123d29,b0762027-dc86-335b-8310-f4f031c1caca,Elijah719 Swift555,M,GENERAL PRACTICE,765 WEST CENTER STREET,WEST BRIDGEWATER,MA,023791517,42.01302315,-71.05345585281756,3,0
e8b2431a-0314-338b-aa5d-fc6db3270362,0d7fd824-1c7b-3f8b-a662-f6c2005e82e1,Lyndon118 Trantow673,M,GENERAL PRACTICE,88 MASONIC HOME ROAD,CHARLTON,MA,015071394,42.1389039,-71.9782681,3,0
8542d97f-cfb2-3538-b9f0-c1363164d44a,a525d084-5a8f-3859-a048-2130a4092ec8,Samuel331 Runte676,M,GENERAL PRACTICE,2 MOUNT ROYAL AVENUE  SUITE 350,MARLBOROUGH,MA,017521976,42.34042135,-71.57841367654626,4,0
929f07ba-20cb-3179-8364-e4d4fd235241,accb8cdd-6560-3fef-b0a6-f12c3295026a,Kerrie266 Bergstrom287,F,GENERAL PRACTICE,969 PARK STREET,ATTLEBORO,MA,027035115,41.9266899,-71.2611303145582,5,0
73860a70-5e5e-3f24-8e87-f2e62917d1fa,792f1ce2-3420-3f91-bd8c-ce680ef4c5d2,Sunshine777 Leannon79,F,GENERAL PRACTICE,309 DRIFTWAY,SCITUATE,MA,020661905,42.1766448,-70.74318482072749,6,0
a03d8a38-3481-3677-a25f-de3148ca93fd,e1d085f0-8179-3ead-89e0-55e21a2f1649,Barry322 Hoppe518,M,GENERAL PRACTICE,120 DUDLEY STREET,ATTLEBORO,MA,027033258,41.9438129,-71.2806515,6,0
d8c419b7-a6bc-3b76-8fa5-79f7d36ddc75,1ab2b5f9-cb95-3236-beec-9b9d4a407c61,Latoria810 Eichmann909,F,GENERAL PRACTICE,725 NORTH ST,PITTSFIELD,MA,012014109,42.4600752,-73.2492795834909,37,0
2b4bd13e-c266-31a7-b3fa-790fc92fe51c,41e2a44c-477c-3511-96f9-12c476aa3b6a,Latoyia537 Lindgren255,F,GENERAL PRACTICE,85 E NEWTON ST,BOSTON,MA,021183553,42.336277100000004,-71.07085295687423,286,0
1dc4ecdc-47e8-3d8a-a1fe-71d3f5e30633,9d41e4fc-9507-3ddb-82ad-966046fca031,Cleo27 Lehner980,M,GENERAL PRACTICE,104 RANDOLPH ROAD,WORCESTER,MA,016062465,42.29955605000001,-71.79838133819244,10,0
1bb0a14b-2bcd-35b0-9196-f9ade9e3c895,5b0cd0a0-f277-3a66-bee6-d64b5be4a3f5,Maryann106 Hintz995,F,GENERAL PRACTICE,725 NORTH ST,PITTSFIELD,MA,012015493,42.4600752,-73.2492795834909,68,0
84e0823f-c3fd-309d-a0ec-9610336c9ce8,79a06fd6-9f2b-35e3-9b11-0bc5ff89e17c,Waylon572 Kovacek682,M,GENERAL PRACTICE,225 Boston Road  Suite 107,Lynn,MA,01904,42.470093,-70.95994,68,0
b70e62ce-e6f5-3fa6-86a5-fb286767aa02,69195f53-626c-3031-b4de-d0b206f75d8c,Ronni748 Wiegand701,F,GENERAL PRACTICE,174 FOREST HILLS ST,BOSTON,MA,021303353,42.306401050000005,-71.10237442688054,1,0
b55bd4d2-89a4-3d03-a5d3-bf009c899767,c1986c0c-f756-3596-8f90-08adacf220fe,Berta524 Santiago500,F,GENERAL PRACTICE,73 CHESTNUT STREET,SAUGUS,MA,019061605,42.4573919,-70.9918055,4,0
01d215cd-f2a1-3c44-813a-cb5250b18a99,ad2dab07-4f85-3950-baaa-7c7cd2aa770c,Federico589 Kuhic920,M,GENERAL PRACTICE,55 LAKE AVENUE NORTH,WORCESTER,MA,016550002,42.2774799,-71.76166994969458,60,0
ce6a487c-c9d6-3706-8d39-e3d0044006f3,0d1570ab-371c-3898-9397-95905d8c5166,Santina680 Dicki44,F,GENERAL PRACTICE,750 WASHINGTON ST,BOSTON,MA,021111552,42.3499038,-71.0631836,190,0
79982840-5d5e-36d3-8ae8-c35427b6ecef,1853aeef-5897-326a-80d6-aa4b0459eb6d,Jewel43 Kassulke119,M,GENERAL PRACTICE,381 WICKENDEN ST,ATTLEBORO,MA,027032247,41.9438129,-71.2806515,359,0
3d80f45b-e9e8-39ae-a4ed-c4a1e5a1c25c,94dda4e1-7476-367a-b1f8-37ea7f61a1b7,Chanell45 Robel940,F,GENERAL PRACTICE,145 WARD HILL AVENUE,WESTBOROUGH,MA,015811017,42.2694308,-71.6129907,1,0
07433e47-3ae0-3d08-b53e-304cfbdbb167,22fa6d28-92b6-3446-a388-f5aba50debaf,Claudio955 Cavazos163,M,GENERAL PRACTICE,123 CAPTAIN'S ROW,CHELSEA,MA,021504019,42.3917638,-71.0328284,2,0
bdc88a3a-9779-35da-bb13-0c30c607d335,8a87ef73-eaa2-340a-bec5-c3cef01ef836,Kristle148 Rodriguez71,F,GENERAL PRACTICE,3 PARK DR,WESTFORD,MA,018863511,42.556814700000004,-71.43463308318695,2,0
14f17d63-e493-3a85-a49f-41246d36fbe0,c0a33465-d309-3d2a-932e-9d554a7cc19c,Veronika907 Rogahn59,F,GENERAL PRACTICE,100 CENTURY DR,WORCESTER,MA,016061244,42.3138278,-71.7707002,390,0
2462eed4-ee54-3048-b0ea-b4f813c87d8a,0583e4f7-f1c2-3100-8e0c-d0decc7ef261,Dusti191 Howe413,F,GENERAL PRACTICE,123 WATERHOUSE ROAD,BOURNE,MA,025323890,41.72840155,-70.58506829999999,51,0
025d7d13-b0f1-30ef-8452-96199340cc51,689f8809-c101-38db-b3c9-580b4c37f268,Shonta375 Bins636,F,GENERAL PRACTICE,364 STATE RD,VINEYARD HAVEN,MA,025685624,41.44720825,-70.61474940346154,89,0
758f25c0-aaef-37d2-86bb-5cc953a4c002,7f32dd7d-5c35-3ddb-839b-8fbbb930d412,Tyron580 Littel644,M,GENERAL PRACTICE,863 CENTRAL STREET,FRAMINGHAM,MA,017014813,42.30758060362541,-71.42846215724606,7,0
072b1e9e-afc8-3756-87c1-5c619a278b39,80646050-1c76-3046-bbc8-fd5f0b7c34e6,Mayola305 Hauck852,F,GENERAL PRACTICE,140 ARNHOW FARM ROAD,FITCHBURG,MA,014201369,42.5903661,-71.8119837,42,0
f8b8ee68-0c3f-38b6-a2a5-08c56665b992,cac6f8b3-eafd-31b3-9fa3-8015752ccc2c,Jessie665 Pagac496,M,GENERAL PRACTICE,123 SUMMER ST,WORCESTER,MA,016081216,42.26496835,-71.79655403681465,34,0
3fbbc41a-c2e8-39ce-a9c3-a009e30be03d,6e517750-a29e-3170-a02b-5733ff523458,Margarita164 Abbott774,F,GENERAL PRACTICE,101 BARRY RD,WORCESTER,MA,016091275,42.3030701,-71.8333408960994,49,0
7b00090d-7c68-3ce7-946d-0c39877fc95c,1b3fe590-8793-3f08-865d-01fc425a84d4,Mathilde204 Wintheiser220,F,GENERAL PRACTICE,1340 BOYLSTON ST,BOSTON,MA,022154302,42.34392675,-71.09888049065322,12,0
4a43d418-8ea6-3709-a522-0c8520a24816,0be0e035-8dad-387e-bbdd-a5a469c4311f,Tyler508 Howe413,M,GENERAL PRACTICE,480 MAPLE ST,DANVERS,MA,019234065,42.584178050000006,-70.97197467750539,28,0
ba83d94f-d4c6-3746-a389-e2a53ed8dccc,3f12ebb4-e03c-3453-88d2-4fc9682383df,Erwin847 Stiedemann542,M,GENERAL PRACTICE,726 COUNTY ST,NORTH DARTMOUTH,MA,027473603,41.6389926,-70.9703171,47,0
454a8dd9-cb9d-3a4f-8922-324736ecae4f,8ec2ca51-abb4-35dd-b90f-6c6aad6d2124,Oda116 Conn188,F,GENERAL PRACTICE,22 JOHNSON STREET,PEABODY,MA,019602311,42.54644385,-70.99288129112277,2,0
ab7ee152-f4a1-3d0d-962d-3374da2ce75d,9fdce5d5-d4d0-3156-a8d5-8757bfe4e9b3,Pamelia915 Kilback373,F,GENERAL PRACTICE,1 FARMER CIR,ARLINGTON,MA,024742866,42.42405225,-71.16792616556859,74,0
de9c444e-8946-326f-97ff-94c815e6a119,b3b56527-d366-3353-bca9-266a12f23051,Obdulia648 Schroeder447,F,GENERAL PRACTICE,60 QUAKER HIGHWAY,UXBRIDGE,MA,015691628,42.06100105,-71.62352848737622,8,0
99c2f1e3-bb25-36af-8c71-0292c368b7bb,f1664435-2eca-3eff-bd1a-13701e7ad1bd,Rosa195 Marks830,F,GENERAL PRACTICE,300 PASTEUR DRIVE,NEWTON,MA,024592058,42.3370414,-71.2092214,13,0
5786a384-3383-3bc9-87d0-965880ed0499,125eccb3-d003-34ea-9bd8-360dff059782,Mickey576 Gerlach374,M,GENERAL PRACTICE,125 PARKER HILL AVENUE,DEDHAM,MA,020266146,42.2489143,-71.1755732,60,0
1e7cc286-c600-3f4e-a302-5d449fb7cab1,a8a4e435-687f-3ecb-9af8-09b4636d1a1a,Mari763 Skiles927,F,GENERAL PRACTICE,107 COMMERCIAL ST,MASHPEE,MA,026496507,41.60736455,-70.49065684933157,39,0
ad8fb74d-ca17-3a31-a10b-9463675c11da,e92dad8b-f485-315a-8fc4-1d7adfdc9c00,Laurena366 Anderson154,F,GENERAL PRACTICE,581 FAUNCE CORNER RD,DARTMOUTH,MA,027471242,41.676111381167445,-70.98788528176077,17,0
b3f56cce-bcc5-3b9a-82ae-85d691a0dd2c,6929d249-cc27-33aa-a871-b6f26059615d,Martín25 Casas271,M,GENERAL PRACTICE,ONE HOSPITAL ROAD  FIRST FL  WING 5   PO BOX 1477,OAK BLUFFS,MA,025571406,41.4538523,-70.5684713,372,0
3a4d25bf-0acc-3243-9bcc-7c5709b1f28e,aad05540-c9cb-3805-b3c4-f9b9d9b42b2e,Víctor493 Maya972,M,GENERAL PRACTICE,821 E MAIN ST STE 3,CHICOPEE,MA,010206306,42.155774795300516,-72.55672263289513,26,0
8b15727b-9d3b-319e-8d15-508b2d7e6bcc,2e73956a-942f-36f3-b88c-f88e782e578f,Elli820 Boyle917,F,GENERAL PRACTICE,790 TURNPIKE STREET  SUITE 202,NORTH ANDOVER,MA,018456138,42.661547049999996,-71.10774565195425,1,0
5ef1f922-fcc7-377d-b3e4-75d6c92bd12b,ce3b504c-f15c-3bcf-ba6e-dcb551cc7d7f,Denisha680 Schmitt836,F,GENERAL PRACTICE,112 SOUTHAMPTON ST,BOSTON,MA,021182711,42.33240995,-71.06915010706255,57,0
3b607a99-84d0-37b5-b621-30110e276df1,eea92149-820f-301f-911e-b170e8312842,Tracey100 Hamill307,M,GENERAL PRACTICE,123 SUMMER STREET,WORCESTER,MA,016102177,42.26496835,-71.79655403681465,7,0
ae9d31fb-607a-3c86-88eb-aee827a4a8a4,19a3afba-b409-3650-a0ab-f3faf6e391ef,Patrina117 Strosin214,F,GENERAL PRACTICE,199 REEDSDALE RD,WALTHAM,MA,024511433,42.3756401,-71.2358004,17,0
59248a84-f0a9-3c86-ad98-180161c52729,76b7dbb5-0a02-32a4-9a01-3511f7e45016,Emerita401 Satterfield305,F,GENERAL PRACTICE,59 COUNTRY WAY,SCITUATE,MA,020663746,42.1806871,-70.74862935148246,113,0
ccec96b5-165d-37c8-ab4b-f55723578046,7348f15f-ec3d-3aef-821a-8de550c90f26,Dudley365 Pfannerstill264,M,GENERAL PRACTICE,292 WASHINGTON ST,GLOUCESTER,MA,019304832,42.6249323,-70.6824382785235,1,0
5f51cf58-4c40-3274-aa3e-bd8e8cba6279,2f5c26cd-be8d-351a-97af-23fbcaba0967,Jamal145 Casper496,M,GENERAL PRACTICE,36 CORDAGE PARK CIR,PLYMOUTH,MA,023607320,41.978323,-70.689036,9,0
c2aba45c-264c-3bfc-87a6-75bd8ee88abd,cbebae9e-f95e-3d2c-9712-289ea8d6aeec,George991 Haley279,M,GENERAL PRACTICE,49 ROBINWOOD AVENUE,QUINCY,MA,021698130,42.2509914,-71.0037374,56,0
fdc7206b-82c6-3f4c-99b7-aa279037d79e,78cd7edb-2df6-34da-b463-5f9eb15cf862,Rusty501 Pacocha935,M,GENERAL PRACTICE,1 WEBLY ROAD,YARMOUTH PORT,MA,026752000,41.7020544,-70.249465,10,0
5775bdbb-963d-3e22-a68a-43acfeecb785,471f7ca2-38f8-3080-8109-187c73ec0b1f,Collin529 Johnson679,M,GENERAL PRACTICE,27 CONGRESS ST,SALEM,MA,019707308,42.518722068313224,-70.88940635956651,32,0
70a4560b-6485-31a4-854b-0487cb2e6a66,a5577e5c-b886-37a0-8eee-8ff6feb7ea6b,Synthia172 Keebler762,F,GENERAL PRACTICE,330 MOUNT AUBURN ST,CAMBRIDGE,MA,021385502,42.3741033,-71.13417575971958,107,0
61038c34-010a-386a-8435-21ef6825bb77,20df65a4-7567-3066-b680-0f71b0c31d38,Kristina583 Bashirian201,F,GENERAL PRACTICE,242 GREEN ST,GARDNER,MA,014401336,42.58685735,-71.98748072431209,92,0
c872a241-ffdb-3109-b003-ba6e70a851ca,7dcab1ad-0e13-3700-9eb0-70767c5e2b55,German382 Wilkinson796,M,GENERAL PRACTICE,1515 ALLEN ST,SPRINGFIELD,MA,011181803,42.095299499999996,-72.50943136142334,6,0
befbdd94-e5ee-3555-a14a-2e334e37f586,ce9c1582-994d-32bf-835c-474a249d2804,Clifton91 Veum823,M,GENERAL PRACTICE,275 MARTINE STREET  SUITE 104,FALL RIVER,MA,027231500,41.68393816525316,-71.1220830626733,5,0
90b8dbf5-b3d9-3e67-8201-e971b152cf07,9485907a-9f9c-3c19-a424-b402ee8f99c2,Lavern240 Bogisich202,M,GENERAL PRACTICE,101 PLANTATION STREET,WORCESTER,MA,016043025,42.258026400000006,-71.78384882397785,1,0
d6178b0f-85bd-3d43-b348-703e058a159e,1494b446-f1aa-3752-8d9c-8eb801059e77,Matthew562 Bailey598,M,GENERAL PRACTICE,439 COLUMBIA RD,HANOVER,MA,023392393,42.108043699999996,-70.81047504431497,5,0
66c3053c-d6d7-3e94-be74-26a1c2f9a2cf,5b20f93b-fde3-34e2-a878-729686a22042,Setsuko288 Strosin214,F,GENERAL PRACTICE,1 BOSTON MEDICAL CTR PL,BOSTON,MA,022151394,42.3554334,-71.060511,44,0
a09ada84-f4ff-31fe-a5fd-9fbb75f610e2,4eddfa13-f996-3048-9bbc-541b0a29038a,Annelle169 Schmidt332,F,GENERAL PRACTICE,736 CAMBRIDGE ST,BRIGHTON,MA,021353601,42.348649949999995,-71.14799584850206,37,0
80e328d6-b8c9-37c1-b029-868139036a78,845fbd9b-2d1c-39a8-8261-28ae40e4fab2,Sam879 Rippin620,F,GENERAL PRACTICE,14 PROSPECT STREET,UPTON,MA,015681431,42.1700209025178,-71.59409308099494,111,0
69b39a04-45c5-32dd-8f84-a2980d0aa668,bac9dc0c-cb0f-3fa6-aa12-819dd0fb922a,Nicholas495 Greenfelder433,M,GENERAL PRACTICE,1493 CAMBRIDGE ST,SOMERVILLE,MA,021452935,42.3875968,-71.0994968,93,0
1b9b5202-9ae5-3406-b22c-38ff81c5743e,9ce6072b-d039-3cde-8eaf-950211b8ae88,Saul605 Ratke343,M,GENERAL PRACTICE,147 S MAIN ST,MIDDLETON,MA,019492446,42.585787222720036,-71.00861442427218,6,0
de8e3bee-9ae4-35a8-ac1c-ae3313240571,2576629d-4a1a-3a63-8c08-779cbd8ef98b,Naoma512 Bashirian201,F,GENERAL PRACTICE,204 MAIN ST,ORLEANS,MA,026533428,41.78516795,-69.96772048551409,68,0
042e4196-e161-3661-9ae9-b6a027e83e66,af8566eb-8918-3ec7-ba44-92b6a2cf8097,Madelaine318 Walker122,F,GENERAL PRACTICE,81 HIGHLAND AVE,SALEM,MA,019702714,42.5112107,-70.90516241826194,190,0
93767ebe-039b-3f14-a0eb-37e9db3ad386,d1d4d104-68cb-356b-9086-888de7d2826f,Deandre599 Windler79,M,GENERAL PRACTICE,61 Lincoln Street  Suite 112,Framingham,MA,01702,42.28348,-71.41845,51,0
acfff9ca-febf-35e1-8213-ea204dfcc175,058176fd-cbb0-328b-8411-c19f5045032d,Breana975 Sanford861,F,GENERAL PRACTICE,840 EMERSON GARDENS ROAD,LEXINGTON,MA,02420,42.43761961817366,-71.19888753880475,1,0
6e45afce-02b6-3aab-9515-5b535a8e5987,a036cdf2-bbc5-3ffd-987f-56e437fd8b74,Lashanda692 Gutmann970,F,GENERAL PRACTICE,265 N MAIN ST,SOUTH YARMOUTH,MA,026642083,41.680980000000005,-70.18292625685085,8,0
813f92e6-a764-3d00-ad63-655a339a26d4,4f5e8f16-a31b-3071-8556-d7188ede313d,Barrett790 Wolf938,M,GENERAL PRACTICE,575 BEECH ST,HOLYOKE,MA,010402223,42.20105435,-72.628169560868,73,0
e2cd9b68-d377-3d03-bc82-f159ee0217a8,218e58e4-9642-3ebd-9b39-34d15f22c620,Jung484 Lowe577,F,GENERAL PRACTICE,977 MAIN ST,WALTHAM,MA,024517406,42.376452150000006,-71.25063779999999,8,0
86023791-606b-35d4-8920-495b16798776,a25107f7-f4f5-36fc-98e4-f3e1b5875c91,Yesenia104 Wilderman619,F,GENERAL PRACTICE,1285 BEACON ST,WOBURN,MA,018012157,42.4979478,-71.1684508,7,0
19350ecd-c538-3bfe-9ca2-63cc5fc24a02,0e6c3ad1-24c1-34cb-bb6d-e8438fa319e2,Vern731 Casper496,M,GENERAL PRACTICE,50 DODGE ST,SWAMPSCOTT,MA,019071300,42.4699241,-70.9171507,2,0
cacd1037-d2cf-39ba-8bf9-86868b71a48a,43ee6bb5-8efa-3bfc-8ca8-1579a5267753,Guillermina633 Rivera179,F,GENERAL PRACTICE,235 N PEARL ST,BROCKTON,MA,023011794,42.09805395,-71.0609587194362,4,0
de6df9b3-e380-36b1-b891-4ce5ef2d59ed,3695125c-c052-3ece-898a-2a6448987ae5,Rosanna866 DuBuque211,F,GENERAL PRACTICE,2040 BOSTON RD STE 5,WILBRAHAM,MA,010951380,42.150295650000004,-72.47288272264812,3,0
dce05d12-dd50-3f92-9fca-92ba3732f540,05fcf001-ab24-3d7d-85f7-f64942d82738,Leonarda398 Schumm995,F,GENERAL PRACTICE,250 POND STREET,FRAMINGHAM,MA,017014592,42.2838619,-71.4093719,286,0
5e0945a6-d6c4-3f11-8b2f-b1fcb922f9fa,7e6db51f-7c1b-3555-9e1c-6269ba6d704d,Drew592 Streich926,M,GENERAL PRACTICE,120 STAFFORD STREET SUITE 206,WORCESTER,MA,016031461,42.239638,-71.8443785891577,16,0
ff22b846-46b4-37e7-a371-234ff78a7c5a,e7b77e8f-b607-3273-aef9-ad1bca48813f,Ivonne773 Turcotte120,F,GENERAL PRACTICE,209 W CENTRAL ST STE 216,NATICK,MA,017603716,42.28202598359604,-71.3899479380402,9,0
cbb84882-b154-3183-91d2-9f5ab76c745e,62ccfb55-1f60-3450-a607-706bedc9ef4e,Maximo817 Greenholt190,M,GENERAL PRACTICE,120 MURRAY STREET,MEDFORD,MA,021551300,42.42974035,-71.08853906104483,1,0
c554ece3-c74c-3df0-88be-5c1d86775656,0e3a24c3-b772-3059-b3fd-8a4710068a82,Malka46 Gerhold939,F,GENERAL PRACTICE,416 BROADWAY,RAYNHAM,MA,027671737,41.940680799999996,-71.07864352196617,37,0
1021f6e0-53c9-3f1b-b5d8-13f4b1602dc0,28d71598-85eb-3a0e-90c1-22e0be1af57c,Jodie811 Hermann103,F,GENERAL PRACTICE,38 MULBERRY ST STE 204,NORTHAMPTON,MA,010602832,42.35436315,-72.70256804599192,44,0
dacc5a6c-df82-35bd-89e6-2d3ecdee36f1,a537b406-fdfa-36b4-84da-12512e7e6c63,Ernesto186 Davis923,M,GENERAL PRACTICE,795 MIDDLE ST,STOUGHTON,MA,020721829,42.1252079,-71.1022015,54,0
a905307e-896f-340a-b5ed-15675ab81524,e5d50afe-8c7d-35f5-96f5-fb8941403b0f,Justin359 Hayes766,M,GENERAL PRACTICE,125 S CLARK ST STE 900,FALL RIVER,MA,02722,41.74223,-71.129706,80,0
725ea402-ea3c-3e7c-b550-1f6840e30430,9adfae03-673d-365d-9052-f705098fa3e4,Sharilyn202 Wolff180,F,GENERAL PRACTICE,51 BLOSSOM ST,BOSTON,MA,021142699,42.36305545,-71.06643399281765,814,0
0dae1db0-fc8f-3ed9-855d-b4e14389493f,25431f9a-00e4-36d8-9810-4125328eec50,Paris331 Ruecker817,M,GENERAL PRACTICE,55 FRUIT ST,WALTHAM,MA,02451,42.3756401,-71.2358004,51,0
2569db1e-bc35-3453-a4bb-94fd0bddf1f4,89171335-b9c0-3326-98d6-a837d432b9fd,Louis204 Hauck852,M,GENERAL PRACTICE,150 FLANDERS ROAD,LYNN,MA,019042915,42.466763,-70.9494939,11,0
4862e2e2-ca69-35e5-9304-a03afe709ce6,01bde980-bf89-3138-8912-7360dff33247,Bradly656 Lang846,M,GENERAL PRACTICE,456 PARK AVE,WORCESTER,MA,016101254,42.25512735,-71.82580924803523,12,0
d7a4ced1-6fb1-3508-b417-6a39163237c1,217cb6f6-e822-3831-9d9d-ffa104971042,Luther918 Jakubowski832,M,GENERAL PRACTICE,2 REHABILITATION WAY,WOBURN,MA,018016003,42.46352265,-71.161925472006,35,0
57d76ab6-1787-34bf-864c-a169d5072eb5,8a6e21d0-da20-3378-8176-4e5ad2b51983,Laine739 Torphy630,F,GENERAL PRACTICE,84 ELM STREET,HOLLISTON,MA,017462138,42.20234485,-71.42493275079366,11,0
acbbdda4-3409-3147-b822-38df8765b75d,4e56c7ec-99e5-3023-8e4f-95ad18a03f06,Ignacio928 Alanis890,M,GENERAL PRACTICE,28 RIVERSIDE DR STE 101,PEMBROKE,MA,023594947,42.11004715,-70.77534154695786,479,0
c8a66958-76ef-3e9b-8922-0eb54485740a,71f4c23f-7559-31ff-8f42-a672e80b85a2,Sallie654 Jast432,F,GENERAL PRACTICE,300 FIRST AVENUE,WESTBOROUGH,MA,015812831,42.2694308,-71.6129907,613,0
dd231be4-eb33-3724-bff7-85dd09f31015,05f80ed8-6a7a-3728-8b5c-c5c995c8244a,Peter292 Cartwright189,M,GENERAL PRACTICE,150 South Huntington Avenue,Jamaica Plain,MA,02130,42.32809,-71.11076,372,0
b5cd1c57-0463-339d-9281-9ab4f7563142,121b0ad1-1beb-3caa-9271-3d3f726bb727,Cortez851 Price929,M,GENERAL PRACTICE,1030 MAIN STREET,WALTHAM,MA,024517447,42.375828,-71.2527956,91,0
7ac3956c-6c89-35df-9fba-5123662312dc,db60692f-cbef-315b-9fce-38a7f015c482,Kathi607 Hilpert278,F,GENERAL PRACTICE,72 SHARPE STREET,SCITUATE,MA,020664534,42.1939754,-70.7697128,104,0
ca510bc2-c653-371d-a45f-107e4feed432,883f57b8-89c6-3dc4-b6da-047705c88623,Parker433 Bailey598,M,GENERAL PRACTICE,363 HIGHLAND AVE,FALL RIVER,MA,027203703,41.7093779,-71.1460783680883,172,0
16833475-8a68-34d5-8a7f-3873838a7ec9,0a2252ba-33de-322f-8f0a-e5b0141f1780,Lincoln623 Block661,M,GENERAL PRACTICE,632 BLUE  HILL AVENUE,DORCHESTER,MA,021213213,42.2941088,-71.0885355,101,0
04a0c974-d3bd-39dc-a842-10868d98e534,2fc3d86d-4194-3ad1-bb8a-99d5d34119a1,Delinda651 Krajcik437,F,GENERAL PRACTICE,300 CONGRESS ST STE 203,QUINCY,MA,021690907,42.2345525,-71.01493330273374,35,0
acdda4a0-a06e-3757-90ca-bf2c70559620,5aa5bbc8-a339-300d-abc2-3c85bf4b5068,Sharee66 Prosacco716,F,GENERAL PRACTICE,8 COLONIAL DR,WESTBOROUGH,MA,015811407,42.2727712,-71.60893826083459,2,0
2151516e-8158-390a-94e6-bf50ed1b03a8,67cade01-dcfe-37b7-8e2c-b712d9e6fbba,Lelah386 Wintheiser220,F,GENERAL PRACTICE,694 MAIN ST,HOLDEN,MA,015201862,42.3406819,-71.8390289,62,0
9c8311f4-ef19-3695-966e-6ff14371c87e,11a40a26-a5a3-331d-aef0-d06dd90e2b4e,Len277 Wintheiser220,M,GENERAL PRACTICE,10 OSTERVILLE WEST BARNSTABLE RD,YARMOUTH PORT,MA,026752000,41.7020544,-70.249465,49,0
3209398b-01ba-3843-a896-417091ab5921,b954c464-11ea-312b-a3f8-1350775bfa54,Rupert654 Walker122,M,GENERAL PRACTICE,123 CAPTAIN'S ROW,CHELSEA,MA,021504019,42.3917638,-71.0328284,1,0
78adab2d-450f-3431-83e3-b623bb2c6e71,9f368e75-397f-3d77-a317-9a005512a4e2,Alta896 Pfannerstill264,F,GENERAL PRACTICE,381 PARK AVE,WORCESTER,MA,016101026,42.2583962,-71.82204240042036,105,0
644f464e-95fb-3d5a-8fd8-4b53a163323c,4d3ec6c2-f6aa-3d7b-adcc-e7107dac8530,Elsa29 Schultz619,F,GENERAL PRACTICE,14 MASONIC CIRCLE,AUBURN,MA,015011341,42.181923125,-71.86839612499999,4,0
f01704a1-223c-3e02-a560-406a96d10360,7cb70963-6f86-3eab-a12b-88deb31de793,Katelynn452 Ledner144,F,GENERAL PRACTICE,18 DANA HILL ROAD,STERLING,MA,015642414,42.4106904,-71.7976286731579,4,0
9d4a807d-8ac6-313c-9aac-c1aa13a62e4e,95f6c328-96dd-3fb8-a56e-9aad566094b4,Milda157 Schoen8,F,GENERAL PRACTICE,4 STONY HILL ROAD,WILBRAHAM,MA,010951027,42.1552861,-72.48384800788648,2,0
e7eb95b0-fc64-3289-a930-8eaa66faf6ee,f0214766-e2d0-3793-b2b6-4e1ea5df2a87,Otto672 Klein929,M,GENERAL PRACTICE,298 JARVIS AVE,HOLYOKE,MA,010401288,42.2087949,-72.6430892731527,1,0
6ff03241-ea3f-3a46-a4fc-dc4f97147211,da2e8443-a0d6-3e87-b651-e2697615f4b5,Rutha66 Bergstrom287,F,GENERAL PRACTICE,2000 WASHINGTON ST,NEWTON,MA,024621624,42.332192250000006,-71.24597794166553,22,0
ed0766ad-06ab-3063-bc61-c09438b03724,035b7574-2fec-3922-8b57-2388164422e6,Shella455 Reichel38,F,GENERAL PRACTICE,874 PURCHASE ST,NEW BEDFORD,MA,027406232,41.636177,-70.926054,79,0
30155982-3c36-3685-9e03-d24e6f7cab75,6d16a8e3-3569-38ab-afac-a2f8c1125085,José María211 Carrasco324,M,GENERAL PRACTICE,1010 WALTHAM STREET,LEXINGTON,MA,024218052,42.4139392,-71.22929265883278,1,0
e99a380f-69a4-3b80-b340-25dc39872a19,486bf543-9696-3d51-aa70-28a3044ce490,Chad48 Weissnat378,M,GENERAL PRACTICE,777 NORTH STREET,PITTSFIELD,MA,012014147,42.46054825,-73.24880457390918,42,0
14c45cc4-6e56-364f-9c8b-d74785261944,02d7b144-352f-3eac-97db-6fc4a95bf1fa,Dante562 Reinger292,M,GENERAL PRACTICE,120 SEMINARY AVENUE,AUBURNDALE,MA,024662650,42.34002614299451,-71.24911543639162,1,0
048665f2-c5d4-3886-92e0-1eff38c08c02,53f086de-2fc7-3d35-92c2-aca4ed944e7f,Chang901 Kutch271,M,GENERAL PRACTICE,1 GENERAL ST,LAWRENCE,MA,018412961,42.7097143,-71.15007700778098,42,0
d3065e85-5d61-3510-8fe2-513d852c6615,c05d73d0-b348-32ce-9fe5-13a720950f37,Rema399 McDermott739,F,GENERAL PRACTICE,45 DRUM HILL RD,CHELMSFORD,MA,018241503,42.6255635,-71.3615131,1,0
7c6ae82c-798c-360e-bb16-9661cefabac1,ac0fde88-b0ad-3388-a4a8-b8fc2a4f4af2,Bobbye345 Wuckert783,F,GENERAL PRACTICE,150 YORK STREET,STOUGHTON,MA,020729105,42.144646800000004,-71.09875876961266,63,0
d4221e90-e8ed-36b7-9321-a88281fe74f7,d70d47dc-b40c-3a04-8342-35cbfe716409,Marcelino726 Hilpert278,M,GENERAL PRACTICE,83 LITTLEFIELD RD,NEWTON,MA,024593010,42.3104327,-71.18883283411856,31,0
15e4ac94-b19d-3338-a6da-f6129be8065a,0592d4e5-a0fb-3143-83cd-8e5a6b066a96,Mica978 Lemke654,F,GENERAL PRACTICE,20 EAST ST,HANOVER,MA,023391638,42.1278249,-70.82664947485381,187,0
b5813494-a9c5-3ab9-9c5d-364934640dcb,c67ca7ed-4769-3b6c-a0a9-993f1227ff10,Allen322 Veum823,M,GENERAL PRACTICE,1 BLACKBURN DR,GLOUCESTER,MA,019302237,42.6269312,-70.65555242413386,55,0
99b95969-4ce2-36e7-8d2f-25607320db90,6b9c5830-a278-38ff-887f-ccefd74cf8e8,Rodney21 Hettinger594,M,GENERAL PRACTICE,184 LINCOLN STREET,NORTH EASTON,MA,023561799,42.06665855,-71.11947646404934,9,0
8ad4fbcd-fbc9-3a32-bff3-950ae0eaadec,ba07b31b-bf14-39b8-be95-4c5ca5062daa,Hermelinda327 Hyatt152,F,GENERAL PRACTICE,1575 CAMBRIDGE ST,CAMBRIDGE,MA,021384308,42.375209549999994,-71.10711344152975,256,0
349de280-d1fb-3b57-9a6f-6e45af924e00,064ba8c8-f6f7-3582-8f41-c963ceedfee4,Bernie827 Ankunding277,M,GENERAL PRACTICE,500 BELMONT STREET,BROCKTON,MA,023014985,42.07465845,-71.03975419622803,3,0
bfef646c-476d-388c-a43e-e0cdfec65c53,6aae7a31-90df-3455-ad8d-81f8cf2d21e8,Damaris45 Funk324,F,GENERAL PRACTICE,680 CENTRE ST,BROCKTON,MA,023023308,42.0872752,-70.9910738855076,1146,0
